order_id,customer_name,food_item,category,branch_location,payment_method,order_status,quantity,price,order_date,delivery_date,total_amount
ORD0,Ana,Pork,Fast Food,Manila,GCash,Pending,1,230.352537,2024-01-01T00:00:00,2024-01-02T00:00:00,230.352537
ORD1,Jose,Pork,Fast Food,Laguna,Cash,Pending,2,481.616906,2024-01-02T00:00:00,2024-01-03T00:00:00,963.2338121
ORD2,Pedro,Pork,Fried,Cavite,Cash,Cancelled,1,148.7518007,2024-01-03T00:00:00,2024-01-04T00:00:00,148.7518007
ORD3,Jose,Pork,Grilled,Manila,Card,Pending,1,107.3100279,2024-01-04T00:00:00,2024-01-05T00:00:00,107.3100279
ORD4,Jose,Burger,Fried,Manila,Card,Cancelled,2,461.654141,2024-01-05T00:00:00,2024-01-06T00:00:00,923.3082821
ORD5,Maria,Burger,Grilled,Laguna,Card,Completed,2,127.4594665,2024-01-06T00:00:00,2024-01-07T00:00:00,254.9189329
ORD6,Pedro,BBQ,Grilled,Laguna,GCash,Completed,1,496.7556784,2024-01-07T00:00:00,2024-01-08T00:00:00,496.7556784
ORD7,Pedro,Steak,Grilled,Laguna,GCash,Cancelled,3,480.5587448,2024-01-08T00:00:00,2024-01-09T00:00:00,1441.676234
ORD8,Pedro,Pork,Fried,Cavite,Card,Pending,4,154.808364,2024-01-09T00:00:00,2024-01-10T00:00:00,619.2334561
ORD9,Jose,BBQ,Grilled,Manila,GCash,Cancelled,1,315.0338503,2024-01-10T00:00:00,2024-01-11T00:00:00,315.0338503
ORD10,Ana,Steak,Fried,Laguna,Card,Pending,2,173.968119,2024-01-11T00:00:00,2024-01-12T00:00:00,347.936238
ORD11,Pedro,Chicken,Fast Food,Cavite,GCash,Completed,2,271.2620692,2024-01-12T00:00:00,2024-01-13T00:00:00,542.5241384
ORD12,Jose,Burger,Fast Food,Cavite,Cash,Pending,3,124.5700517,2024-01-13T00:00:00,2024-01-14T00:00:00,373.7101551
ORD13,Maria,Steak,Grilled,Cavite,Cash,Cancelled,4,189.5698351,2024-01-14T00:00:00,2024-01-15T00:00:00,758.2793405
ORD14,Ana,Chicken,Fried,Laguna,Card,Cancelled,1,245.3091186,2024-01-15T00:00:00,2024-01-16T00:00:00,245.3091186
ORD15,Maria,Steak,Fast Food,Laguna,GCash,Completed,1,275.4590001,2024-01-16T00:00:00,2024-01-17T00:00:00,275.4590001
ORD16,Ana,Burger,Fried,Manila,GCash,Pending,4,490.9985033,2024-01-17T00:00:00,2024-01-18T00:00:00,1963.994013
ORD17,Jose,Burger,Fried,Manila,Cash,Pending,1,423.1462583,2024-01-18T00:00:00,2024-01-19T00:00:00,423.1462583
ORD18,Juan,BBQ,Grilled,Laguna,Cash,Pending,4,394.9639777,2024-01-19T00:00:00,2024-01-20T00:00:00,1579.855911
ORD19,Ana,Pork,Fast Food,Cavite,Card,Completed,2,314.8165259,2024-01-20T00:00:00,2024-01-21T00:00:00,629.6330518
ORD20,Maria,Steak,Grilled,Cavite,Cash,Pending,4,435.9991042,2024-01-21T00:00:00,2024-01-22T00:00:00,1743.996417
ORD21,Jose,Steak,Grilled,Cavite,Card,Cancelled,1,235.7291343,2024-01-22T00:00:00,2024-01-23T00:00:00,235.7291343
ORD22,Ana,Chicken,Fast Food,Manila,Cash,Pending,4,383.5596451,2024-01-23T00:00:00,2024-01-24T00:00:00,1534.23858
ORD23,Juan,Burger,Fast Food,Cavite,Cash,Completed,3,497.5135902,2024-01-24T00:00:00,2024-01-25T00:00:00,1492.54077
ORD24,Juan,Steak,Fried,Manila,GCash,Pending,2,225.8515636,2024-01-25T00:00:00,2024-01-26T00:00:00,451.7031271
ORD25,Pedro,Burger,Fast Food,Manila,Cash,Pending,2,369.607014,2024-01-26T00:00:00,2024-01-27T00:00:00,739.2140279
ORD26,Pedro,Steak,Fried,Cavite,Cash,Cancelled,4,437.7259457,2024-01-27T00:00:00,2024-01-28T00:00:00,1750.903783
ORD27,Maria,BBQ,Fried,Cavite,Card,Pending,1,466.3230333,2024-01-28T00:00:00,2024-01-29T00:00:00,466.3230333
ORD28,Ana,Pork,Fried,Laguna,Cash,Cancelled,3,387.1730764,2024-01-29T00:00:00,2024-01-30T00:00:00,1161.519229
ORD29,Ana,Steak,Fast Food,Laguna,Card,Cancelled,2,213.4431694,2024-01-30T00:00:00,2024-01-31T00:00:00,426.8863387
ORD30,Pedro,Burger,Grilled,Cavite,Cash,Completed,2,230.5128606,2024-01-31T00:00:00,2024-02-01T00:00:00,461.0257213
ORD31,Ana,BBQ,Fried,Manila,Cash,Cancelled,1,108.3032128,2024-02-01T00:00:00,2024-02-02T00:00:00,108.3032128
ORD32,Ana,Steak,Grilled,Manila,Card,Cancelled,1,404.3543911,2024-02-02T00:00:00,2024-02-03T00:00:00,404.3543911
ORD33,Juan,Chicken,Grilled,Manila,GCash,Completed,3,117.0958424,2024-02-03T00:00:00,2024-02-04T00:00:00,351.2875273
ORD34,Pedro,Pork,Fast Food,Manila,Card,Cancelled,4,445.8609418,2024-02-04T00:00:00,2024-02-05T00:00:00,1783.443767
ORD35,Jose,Steak,Grilled,Manila,Card,Completed,1,147.4642458,2024-02-05T00:00:00,2024-02-06T00:00:00,147.4642458
ORD36,Pedro,BBQ,Grilled,Laguna,Card,Pending,4,168.7506049,2024-02-06T00:00:00,2024-02-07T00:00:00,675.0024194
ORD37,Jose,Chicken,Fast Food,Cavite,GCash,Completed,3,290.6105883,2024-02-07T00:00:00,2024-02-08T00:00:00,871.831765
ORD38,Juan,BBQ,Fried,Laguna,Cash,Cancelled,4,395.1521661,2024-02-08T00:00:00,2024-02-09T00:00:00,1580.608664
ORD39,Maria,BBQ,Grilled,Manila,Card,Completed,2,155.6008821,2024-02-09T00:00:00,2024-02-10T00:00:00,311.2017642
ORD40,Ana,Chicken,Fast Food,Manila,Card,Cancelled,4,276.02843,2024-02-10T00:00:00,2024-02-11T00:00:00,1104.11372
ORD41,Juan,BBQ,Grilled,Manila,GCash,Pending,3,293.1405098,2024-02-11T00:00:00,2024-02-12T00:00:00,879.4215293
ORD42,Ana,Chicken,Grilled,Manila,Card,Completed,3,184.9142567,2024-02-12T00:00:00,2024-02-13T00:00:00,554.74277
ORD43,Maria,Steak,Fried,Cavite,Cash,Pending,3,146.2233507,2024-02-13T00:00:00,2024-02-14T00:00:00,438.670052
ORD44,Maria,Chicken,Grilled,Manila,GCash,Cancelled,4,434.5683692,2024-02-14T00:00:00,2024-02-15T00:00:00,1738.273477
ORD45,Juan,Chicken,Fast Food,Cavite,Cash,Cancelled,2,300.9862599,2024-02-15T00:00:00,2024-02-16T00:00:00,601.9725198
ORD46,Maria,Pork,Grilled,Manila,Cash,Pending,1,105.7524944,2024-02-16T00:00:00,2024-02-17T00:00:00,105.7524944
ORD47,Jose,Chicken,Fried,Cavite,GCash,Completed,2,421.1925205,2024-02-17T00:00:00,2024-02-18T00:00:00,842.385041
ORD48,Maria,Chicken,Fried,Laguna,Card,Completed,4,492.3175222,2024-02-18T00:00:00,2024-02-19T00:00:00,1969.270089
ORD49,Ana,Steak,Fast Food,Manila,Cash,Cancelled,4,342.3704782,2024-02-19T00:00:00,2024-02-20T00:00:00,1369.481913
ORD50,Ana,Pork,Fried,Cavite,Cash,Pending,1,301.4833548,2024-02-20T00:00:00,2024-02-21T00:00:00,301.4833548
ORD51,Ana,Burger,Grilled,Laguna,Cash,Pending,4,451.3663452,2024-02-21T00:00:00,2024-02-22T00:00:00,1805.465381
ORD52,Ana,Steak,Fried,Manila,Cash,Completed,3,481.0067159,2024-02-22T00:00:00,2024-02-23T00:00:00,1443.020148
ORD53,Jose,Steak,Fast Food,Manila,GCash,Completed,3,401.8147664,2024-02-23T00:00:00,2024-02-24T00:00:00,1205.444299
ORD54,Pedro,Burger,Fried,Manila,GCash,Completed,3,278.1811719,2024-02-24T00:00:00,2024-02-25T00:00:00,834.5435157
ORD55,Juan,Chicken,Fried,Cavite,Cash,Pending,3,336.8885597,2024-02-25T00:00:00,2024-02-26T00:00:00,1010.665679
ORD56,Ana,BBQ,Fried,Cavite,Card,Completed,3,380.374146,2024-02-26T00:00:00,2024-02-27T00:00:00,1141.122438
ORD57,Maria,Pork,Fast Food,Laguna,Cash,Completed,4,177.7094284,2024-02-27T00:00:00,2024-02-28T00:00:00,710.8377136
ORD58,Ana,BBQ,Fried,Cavite,Card,Cancelled,1,278.8804129,2024-02-28T00:00:00,2024-02-29T00:00:00,278.8804129
ORD59,Maria,Burger,Fried,Cavite,Cash,Completed,1,431.9285059,2024-02-29T00:00:00,2024-03-01T00:00:00,431.9285059
ORD60,Maria,Steak,Grilled,Manila,Card,Completed,3,361.8901394,2024-03-01T00:00:00,2024-03-02T00:00:00,1085.670418
ORD61,Ana,Steak,Fast Food,Manila,Cash,Pending,4,264.4816269,2024-03-02T00:00:00,2024-03-03T00:00:00,1057.926508
ORD62,Jose,Pork,Fried,Manila,Card,Pending,2,365.3450136,2024-03-03T00:00:00,2024-03-04T00:00:00,730.6900272
ORD63,Maria,Steak,Fast Food,Manila,Cash,Cancelled,2,147.2889648,2024-03-04T00:00:00,2024-03-05T00:00:00,294.5779297
ORD64,Maria,Steak,Fried,Manila,Cash,Completed,4,260.5990442,2024-03-05T00:00:00,2024-03-06T00:00:00,1042.396177
ORD65,Ana,Pork,Fried,Manila,Card,Cancelled,3,417.2514152,2024-03-06T00:00:00,2024-03-07T00:00:00,1251.754246
ORD66,Maria,Pork,Fried,Manila,GCash,Pending,1,188.2035149,2024-03-07T00:00:00,2024-03-08T00:00:00,188.2035149
ORD67,Maria,Burger,Grilled,Laguna,Card,Cancelled,4,174.384603,2024-03-08T00:00:00,2024-03-09T00:00:00,697.5384121
ORD68,Ana,Steak,Grilled,Laguna,GCash,Pending,2,480.327464,2024-03-09T00:00:00,2024-03-10T00:00:00,960.6549279
ORD69,Ana,Steak,Grilled,Laguna,Cash,Cancelled,2,183.9590518,2024-03-10T00:00:00,2024-03-11T00:00:00,367.9181037
ORD70,Juan,Burger,Fast Food,Laguna,Card,Cancelled,2,204.3674319,2024-03-11T00:00:00,2024-03-12T00:00:00,408.7348637
ORD71,Jose,Chicken,Fast Food,Manila,Card,Completed,3,487.8463756,2024-03-12T00:00:00,2024-03-13T00:00:00,1463.539127
ORD72,Jose,Chicken,Grilled,Laguna,Card,Cancelled,2,393.8834281,2024-03-13T00:00:00,2024-03-14T00:00:00,787.7668562
ORD73,Maria,Chicken,Fast Food,Manila,GCash,Completed,4,379.8386132,2024-03-14T00:00:00,2024-03-15T00:00:00,1519.354453
ORD74,Jose,Burger,Fried,Laguna,GCash,Completed,4,441.1705535,2024-03-15T00:00:00,2024-03-16T00:00:00,1764.682214
ORD75,Maria,Steak,Fried,Cavite,Cash,Completed,2,146.3292329,2024-03-16T00:00:00,2024-03-17T00:00:00,292.6584658
ORD76,Juan,Burger,Fried,Laguna,GCash,Completed,4,382.3824946,2024-03-17T00:00:00,2024-03-18T00:00:00,1529.529979
ORD77,Ana,Burger,Grilled,Laguna,GCash,Cancelled,2,301.4754437,2024-03-18T00:00:00,2024-03-19T00:00:00,602.9508875
ORD78,Ana,Chicken,Fast Food,Manila,Cash,Pending,2,431.6602561,2024-03-19T00:00:00,2024-03-20T00:00:00,863.3205122
ORD79,Ana,BBQ,Grilled,Laguna,Card,Pending,1,303.2566875,2024-03-20T00:00:00,2024-03-21T00:00:00,303.2566875
ORD80,Jose,Steak,Fast Food,Cavite,Card,Pending,3,348.0965417,2024-03-21T00:00:00,2024-03-22T00:00:00,1044.289625
ORD81,Juan,Chicken,Fried,Manila,Cash,Cancelled,3,291.0968506,2024-03-22T00:00:00,2024-03-23T00:00:00,873.2905517
ORD82,Jose,BBQ,Grilled,Manila,Card,Completed,1,291.2635694,2024-03-23T00:00:00,2024-03-24T00:00:00,291.2635694
ORD83,Jose,BBQ,Fast Food,Laguna,GCash,Pending,1,407.1879912,2024-03-24T00:00:00,2024-03-25T00:00:00,407.1879912
ORD84,Juan,Pork,Fast Food,Manila,Cash,Cancelled,3,351.4265603,2024-03-25T00:00:00,2024-03-26T00:00:00,1054.279681
ORD85,Juan,Steak,Fried,Manila,Cash,Completed,2,353.3052806,2024-03-26T00:00:00,2024-03-27T00:00:00,706.6105613
ORD86,Juan,BBQ,Grilled,Manila,Cash,Pending,2,280.1129935,2024-03-27T00:00:00,2024-03-28T00:00:00,560.2259871
ORD87,Juan,Chicken,Grilled,Manila,Card,Completed,3,312.4437985,2024-03-28T00:00:00,2024-03-29T00:00:00,937.3313956
ORD88,Ana,Pork,Grilled,Manila,Cash,Pending,2,398.2870665,2024-03-29T00:00:00,2024-03-30T00:00:00,796.574133
ORD89,Pedro,Steak,Fried,Manila,Cash,Pending,1,430.3763676,2024-03-30T00:00:00,2024-03-31T00:00:00,430.3763676
ORD90,Pedro,Burger,Grilled,Cavite,Cash,Pending,2,378.6245609,2024-03-31T00:00:00,2024-04-01T00:00:00,757.2491217
ORD91,Juan,Chicken,Fried,Laguna,Card,Completed,2,469.6291955,2024-04-01T00:00:00,2024-04-02T00:00:00,939.2583911
ORD92,Pedro,BBQ,Fried,Cavite,GCash,Cancelled,4,428.1296353,2024-04-02T00:00:00,2024-04-03T00:00:00,1712.518541
ORD93,Pedro,BBQ,Fried,Manila,Cash,Completed,4,324.7455159,2024-04-03T00:00:00,2024-04-04T00:00:00,1298.982064
ORD94,Juan,Chicken,Fast Food,Manila,GCash,Pending,4,368.5624291,2024-04-04T00:00:00,2024-04-05T00:00:00,1474.249716
ORD95,Pedro,BBQ,Grilled,Laguna,Card,Completed,2,470.5233108,2024-04-05T00:00:00,2024-04-06T00:00:00,941.0466215
ORD96,Jose,Pork,Grilled,Cavite,Card,Cancelled,3,347.6672177,2024-04-06T00:00:00,2024-04-07T00:00:00,1043.001653
ORD97,Maria,Steak,Fried,Laguna,Card,Completed,1,429.9227792,2024-04-07T00:00:00,2024-04-08T00:00:00,429.9227792
ORD98,Maria,Pork,Fried,Cavite,Card,Cancelled,2,375.5242014,2024-04-08T00:00:00,2024-04-09T00:00:00,751.0484029
ORD99,Juan,BBQ,Grilled,Manila,GCash,Cancelled,3,320.7745444,2024-04-09T00:00:00,2024-04-10T00:00:00,962.3236333
ORD100,Ana,Burger,Fried,Laguna,Cash,Completed,2,196.7352782,2024-04-10T00:00:00,2024-04-11T00:00:00,393.4705563
ORD101,Juan,Steak,Grilled,Laguna,Card,Pending,1,270.3990078,2024-04-11T00:00:00,2024-04-12T00:00:00,270.3990078
ORD102,Ana,Steak,Fast Food,Manila,Card,Cancelled,2,487.0971299,2024-04-12T00:00:00,2024-04-13T00:00:00,974.1942599
ORD103,Maria,Chicken,Fried,Laguna,GCash,Completed,1,363.1061533,2024-04-13T00:00:00,2024-04-14T00:00:00,363.1061533
ORD104,Juan,Chicken,Grilled,Cavite,GCash,Cancelled,2,325.7581521,2024-04-14T00:00:00,2024-04-15T00:00:00,651.5163043
ORD105,Jose,Burger,Fried,Cavite,Card,Pending,1,473.1826502,2024-04-15T00:00:00,2024-04-16T00:00:00,473.1826502
ORD106,Pedro,Steak,Grilled,Cavite,Cash,Completed,2,334.6047124,2024-04-16T00:00:00,2024-04-17T00:00:00,669.2094248
ORD107,Ana,Burger,Grilled,Cavite,Cash,Completed,1,310.4330074,2024-04-17T00:00:00,2024-04-18T00:00:00,310.4330074
ORD108,Pedro,Chicken,Fried,Manila,Card,Completed,4,403.7243421,2024-04-18T00:00:00,2024-04-19T00:00:00,1614.897368
ORD109,Pedro,Chicken,Fast Food,Laguna,GCash,Pending,2,385.0662476,2024-04-19T00:00:00,2024-04-20T00:00:00,770.1324952
ORD110,Juan,Steak,Grilled,Cavite,Card,Cancelled,2,177.2640034,2024-04-20T00:00:00,2024-04-21T00:00:00,354.5280067
ORD111,Pedro,Pork,Grilled,Manila,Card,Completed,3,288.5233098,2024-04-21T00:00:00,2024-04-22T00:00:00,865.5699295
ORD112,Jose,BBQ,Grilled,Laguna,GCash,Cancelled,3,289.0061771,2024-04-22T00:00:00,2024-04-23T00:00:00,867.0185314
ORD113,Pedro,Chicken,Fast Food,Laguna,Card,Cancelled,1,251.2898061,2024-04-23T00:00:00,2024-04-24T00:00:00,251.2898061
ORD114,Juan,Chicken,Fast Food,Manila,Card,Pending,2,306.9173929,2024-04-24T00:00:00,2024-04-25T00:00:00,613.8347857
ORD115,Jose,Pork,Fried,Manila,Card,Completed,1,265.2429591,2024-04-25T00:00:00,2024-04-26T00:00:00,265.2429591
ORD116,Maria,Pork,Fast Food,Cavite,GCash,Cancelled,4,179.7381958,2024-04-26T00:00:00,2024-04-27T00:00:00,718.9527832
ORD117,Pedro,Burger,Fried,Laguna,Cash,Completed,3,264.9465949,2024-04-27T00:00:00,2024-04-28T00:00:00,794.8397847
ORD118,Juan,Burger,Fried,Laguna,Cash,Completed,1,128.910779,2024-04-28T00:00:00,2024-04-29T00:00:00,128.910779
ORD119,Maria,BBQ,Fast Food,Manila,GCash,Pending,1,330.3143451,2024-04-29T00:00:00,2024-04-30T00:00:00,330.3143451
ORD120,Maria,BBQ,Fried,Laguna,Cash,Completed,3,441.4618196,2024-04-30T00:00:00,2024-05-01T00:00:00,1324.385459
ORD121,Ana,Steak,Fast Food,Cavite,Card,Completed,2,390.1148337,2024-05-01T00:00:00,2024-05-02T00:00:00,780.2296675
ORD122,Jose,Burger,Fried,Laguna,Cash,Cancelled,1,244.157616,2024-05-02T00:00:00,2024-05-03T00:00:00,244.157616
ORD123,Pedro,Chicken,Fast Food,Manila,Card,Pending,3,134.8284822,2024-05-03T00:00:00,2024-05-04T00:00:00,404.4854467
ORD124,Juan,Burger,Fast Food,Manila,Cash,Completed,2,180.8597597,2024-05-04T00:00:00,2024-05-05T00:00:00,361.7195194
ORD125,Ana,Chicken,Fried,Cavite,GCash,Cancelled,4,318.1961362,2024-05-05T00:00:00,2024-05-06T00:00:00,1272.784545
ORD126,Jose,Pork,Grilled,Cavite,Cash,Pending,3,182.8228334,2024-05-06T00:00:00,2024-05-07T00:00:00,548.4685001
ORD127,Ana,Burger,Fried,Laguna,Cash,Pending,1,317.5892445,2024-05-07T00:00:00,2024-05-08T00:00:00,317.5892445
ORD128,Jose,Pork,Fast Food,Laguna,Cash,Cancelled,4,192.6396099,2024-05-08T00:00:00,2024-05-09T00:00:00,770.5584396
ORD129,Jose,BBQ,Grilled,Manila,GCash,Cancelled,2,439.5695478,2024-05-09T00:00:00,2024-05-10T00:00:00,879.1390956
ORD130,Pedro,BBQ,Fried,Cavite,Cash,Cancelled,2,258.9085891,2024-05-10T00:00:00,2024-05-11T00:00:00,517.8171783
ORD131,Jose,Steak,Fried,Cavite,GCash,Cancelled,3,198.2202504,2024-05-11T00:00:00,2024-05-12T00:00:00,594.6607511
ORD132,Ana,Burger,Fried,Cavite,Card,Cancelled,3,424.9304721,2024-05-12T00:00:00,2024-05-13T00:00:00,1274.791416
ORD133,Jose,Pork,Grilled,Laguna,Cash,Completed,3,237.1355859,2024-05-13T00:00:00,2024-05-14T00:00:00,711.4067578
ORD134,Pedro,Chicken,Fast Food,Cavite,GCash,Completed,2,144.5950751,2024-05-14T00:00:00,2024-05-15T00:00:00,289.1901503
ORD135,Pedro,BBQ,Fried,Manila,GCash,Pending,4,328.1637966,2024-05-15T00:00:00,2024-05-16T00:00:00,1312.655186
ORD136,Ana,BBQ,Fried,Manila,Cash,Completed,2,332.6256818,2024-05-16T00:00:00,2024-05-17T00:00:00,665.2513636
ORD137,Maria,Chicken,Fried,Laguna,Card,Completed,1,385.8782701,2024-05-17T00:00:00,2024-05-18T00:00:00,385.8782701
ORD138,Maria,Pork,Fried,Laguna,GCash,Completed,2,196.0877733,2024-05-18T00:00:00,2024-05-19T00:00:00,392.1755466
ORD139,Jose,Pork,Fried,Cavite,Cash,Cancelled,1,277.5085356,2024-05-19T00:00:00,2024-05-20T00:00:00,277.5085356
ORD140,Juan,Burger,Fast Food,Laguna,Card,Pending,4,212.9471676,2024-05-20T00:00:00,2024-05-21T00:00:00,851.7886705
ORD141,Jose,Burger,Fast Food,Manila,GCash,Pending,3,132.3814944,2024-05-21T00:00:00,2024-05-22T00:00:00,397.1444833
ORD142,Ana,Steak,Fried,Cavite,GCash,Pending,3,450.6455308,2024-05-22T00:00:00,2024-05-23T00:00:00,1351.936592
ORD143,Ana,BBQ,Grilled,Manila,Card,Pending,2,391.5479218,2024-05-23T00:00:00,2024-05-24T00:00:00,783.0958436
ORD144,Ana,Burger,Fast Food,Cavite,Card,Completed,3,220.5852238,2024-05-24T00:00:00,2024-05-25T00:00:00,661.7556714
ORD145,Ana,Pork,Grilled,Laguna,Cash,Completed,4,339.7491971,2024-05-25T00:00:00,2024-05-26T00:00:00,1358.996789
ORD146,Ana,Chicken,Fast Food,Cavite,Cash,Cancelled,3,180.5055153,2024-05-26T00:00:00,2024-05-27T00:00:00,541.5165458
ORD147,Pedro,Pork,Fried,Cavite,GCash,Pending,2,456.0946487,2024-05-27T00:00:00,2024-05-28T00:00:00,912.1892974
ORD148,Maria,BBQ,Fast Food,Manila,Card,Completed,4,145.9625373,2024-05-28T00:00:00,2024-05-29T00:00:00,583.8501494
ORD149,Ana,Pork,Fried,Manila,Card,Completed,1,101.5348582,2024-05-29T00:00:00,2024-05-30T00:00:00,101.5348582
ORD150,Juan,Steak,Fast Food,Cavite,Card,Cancelled,2,300.8032791,2024-05-30T00:00:00,2024-05-31T00:00:00,601.6065582
ORD151,Juan,BBQ,Fried,Laguna,GCash,Cancelled,1,333.2511294,2024-05-31T00:00:00,2024-06-01T00:00:00,333.2511294
ORD152,Juan,Chicken,Fried,Laguna,Card,Cancelled,4,331.5861281,2024-06-01T00:00:00,2024-06-02T00:00:00,1326.344512
ORD153,Juan,Steak,Fried,Manila,Card,Completed,2,121.804771,2024-06-02T00:00:00,2024-06-03T00:00:00,243.609542
ORD154,Pedro,BBQ,Fried,Laguna,GCash,Completed,2,225.6175228,2024-06-03T00:00:00,2024-06-04T00:00:00,451.2350455
ORD155,Juan,Chicken,Grilled,Manila,Cash,Cancelled,4,299.6795787,2024-06-04T00:00:00,2024-06-05T00:00:00,1198.718315
ORD156,Ana,Steak,Fried,Laguna,Cash,Pending,3,186.6316743,2024-06-05T00:00:00,2024-06-06T00:00:00,559.8950228
ORD157,Jose,Steak,Grilled,Cavite,GCash,Cancelled,2,449.0503542,2024-06-06T00:00:00,2024-06-07T00:00:00,898.1007084
ORD158,Juan,BBQ,Grilled,Manila,Card,Cancelled,2,134.8437158,2024-06-07T00:00:00,2024-06-08T00:00:00,269.6874316
ORD159,Pedro,Burger,Fried,Manila,GCash,Cancelled,1,294.9537767,2024-06-08T00:00:00,2024-06-09T00:00:00,294.9537767
ORD160,Pedro,Steak,Grilled,Cavite,Cash,Cancelled,3,376.566423,2024-06-09T00:00:00,2024-06-10T00:00:00,1129.699269
ORD161,Juan,Steak,Fast Food,Manila,Cash,Completed,1,204.7004401,2024-06-10T00:00:00,2024-06-11T00:00:00,204.7004401
ORD162,Jose,Chicken,Fried,Laguna,GCash,Pending,1,349.6962948,2024-06-11T00:00:00,2024-06-12T00:00:00,349.6962948
ORD163,Juan,Pork,Grilled,Laguna,GCash,Cancelled,3,431.7540601,2024-06-12T00:00:00,2024-06-13T00:00:00,1295.26218
ORD164,Pedro,BBQ,Fried,Manila,Cash,Pending,3,176.13479,2024-06-13T00:00:00,2024-06-14T00:00:00,528.4043701
ORD165,Maria,BBQ,Fried,Laguna,GCash,Pending,4,466.8882367,2024-06-14T00:00:00,2024-06-15T00:00:00,1867.552947
ORD166,Ana,Burger,Fried,Manila,Cash,Pending,3,321.4234131,2024-06-15T00:00:00,2024-06-16T00:00:00,964.2702392
ORD167,Pedro,Burger,Grilled,Cavite,GCash,Cancelled,2,219.6928017,2024-06-16T00:00:00,2024-06-17T00:00:00,439.3856034
ORD168,Juan,BBQ,Fast Food,Manila,GCash,Completed,3,272.3433102,2024-06-17T00:00:00,2024-06-18T00:00:00,817.0299305
ORD169,Ana,Burger,Fast Food,Cavite,GCash,Cancelled,4,224.8767535,2024-06-18T00:00:00,2024-06-19T00:00:00,899.5070141
ORD170,Juan,Chicken,Grilled,Laguna,Cash,Pending,4,390.044464,2024-06-19T00:00:00,2024-06-20T00:00:00,1560.177856
ORD171,Juan,BBQ,Fried,Cavite,GCash,Pending,4,418.5202654,2024-06-20T00:00:00,2024-06-21T00:00:00,1674.081061
ORD172,Maria,Burger,Grilled,Laguna,Cash,Completed,3,433.1749569,2024-06-21T00:00:00,2024-06-22T00:00:00,1299.524871
ORD173,Ana,BBQ,Grilled,Manila,Cash,Cancelled,3,494.3072998,2024-06-22T00:00:00,2024-06-23T00:00:00,1482.9219
ORD174,Ana,Pork,Grilled,Laguna,GCash,Pending,1,416.513717,2024-06-23T00:00:00,2024-06-24T00:00:00,416.513717
ORD175,Maria,Steak,Fried,Manila,GCash,Completed,1,340.5536283,2024-06-24T00:00:00,2024-06-25T00:00:00,340.5536283
ORD176,Pedro,BBQ,Grilled,Manila,Cash,Pending,2,235.6881194,2024-06-25T00:00:00,2024-06-26T00:00:00,471.3762387
ORD177,Juan,Steak,Fried,Cavite,Cash,Completed,1,317.8381795,2024-06-26T00:00:00,2024-06-27T00:00:00,317.8381795
ORD178,Jose,Burger,Grilled,Cavite,Card,Completed,2,116.4272691,2024-06-27T00:00:00,2024-06-28T00:00:00,232.8545382
ORD179,Juan,Steak,Fast Food,Cavite,Cash,Cancelled,4,397.9300302,2024-06-28T00:00:00,2024-06-29T00:00:00,1591.720121
ORD180,Juan,BBQ,Grilled,Cavite,Card,Pending,1,278.382218,2024-06-29T00:00:00,2024-06-30T00:00:00,278.382218
ORD181,Pedro,Pork,Grilled,Laguna,Card,Cancelled,3,108.0092919,2024-06-30T00:00:00,2024-07-01T00:00:00,324.0278757
ORD182,Juan,Burger,Fast Food,Laguna,Card,Pending,1,125.0027766,2024-07-01T00:00:00,2024-07-02T00:00:00,125.0027766
ORD183,Maria,BBQ,Fried,Laguna,GCash,Cancelled,2,254.9865855,2024-07-02T00:00:00,2024-07-03T00:00:00,509.9731711
ORD184,Maria,Burger,Fried,Manila,GCash,Pending,1,333.3686076,2024-07-03T00:00:00,2024-07-04T00:00:00,333.3686076
ORD185,Ana,Chicken,Grilled,Laguna,Cash,Cancelled,4,285.6815796,2024-07-04T00:00:00,2024-07-05T00:00:00,1142.726318
ORD186,Jose,Steak,Fast Food,Laguna,Card,Completed,3,347.6817269,2024-07-05T00:00:00,2024-07-06T00:00:00,1043.045181
ORD187,Juan,Chicken,Fried,Laguna,GCash,Pending,2,292.1177035,2024-07-06T00:00:00,2024-07-07T00:00:00,584.235407
ORD188,Juan,BBQ,Grilled,Cavite,GCash,Pending,3,364.6815382,2024-07-07T00:00:00,2024-07-08T00:00:00,1094.044615
ORD189,Pedro,Pork,Fast Food,Laguna,GCash,Completed,3,187.6504259,2024-07-08T00:00:00,2024-07-09T00:00:00,562.9512776
ORD190,Maria,Burger,Fried,Manila,GCash,Cancelled,2,145.1372749,2024-07-09T00:00:00,2024-07-10T00:00:00,290.2745497
ORD191,Jose,Steak,Fried,Cavite,GCash,Pending,3,338.5735819,2024-07-10T00:00:00,2024-07-11T00:00:00,1015.720746
ORD192,Ana,Burger,Fast Food,Manila,Card,Pending,3,293.8758068,2024-07-11T00:00:00,2024-07-12T00:00:00,881.6274203
ORD193,Maria,BBQ,Fast Food,Laguna,Card,Cancelled,1,110.7470616,2024-07-12T00:00:00,2024-07-13T00:00:00,110.7470616
ORD194,Ana,Burger,Fast Food,Cavite,Card,Completed,3,252.1927542,2024-07-13T00:00:00,2024-07-14T00:00:00,756.5782626
ORD195,Pedro,Steak,Fast Food,Manila,Card,Cancelled,3,142.4502342,2024-07-14T00:00:00,2024-07-15T00:00:00,427.3507026
ORD196,Pedro,BBQ,Grilled,Laguna,Cash,Cancelled,3,312.5427327,2024-07-15T00:00:00,2024-07-16T00:00:00,937.6281981
ORD197,Juan,Burger,Fast Food,Manila,Card,Cancelled,3,258.3110719,2024-07-16T00:00:00,2024-07-17T00:00:00,774.9332156
ORD198,Jose,Pork,Fried,Manila,GCash,Pending,2,345.2607644,2024-07-17T00:00:00,2024-07-18T00:00:00,690.5215289
ORD199,Ana,BBQ,Fried,Manila,Card,Completed,4,422.2408875,2024-07-18T00:00:00,2024-07-19T00:00:00,1688.96355
ORD200,Maria,BBQ,Grilled,Laguna,Cash,Completed,1,219.8674735,2024-07-19T00:00:00,2024-07-20T00:00:00,219.8674735
ORD201,Pedro,Pork,Fried,Laguna,GCash,Cancelled,3,484.8408417,2024-07-20T00:00:00,2024-07-21T00:00:00,1454.522525
ORD202,Juan,Chicken,Fried,Manila,Card,Pending,3,314.2538002,2024-07-21T00:00:00,2024-07-22T00:00:00,942.7614007
ORD203,Juan,Steak,Fast Food,Cavite,Card,Cancelled,2,347.3163195,2024-07-22T00:00:00,2024-07-23T00:00:00,694.632639
ORD204,Ana,Chicken,Fried,Cavite,Card,Pending,4,372.2689493,2024-07-23T00:00:00,2024-07-24T00:00:00,1489.075797
ORD205,Pedro,Burger,Grilled,Laguna,GCash,Pending,3,366.6926119,2024-07-24T00:00:00,2024-07-25T00:00:00,1100.077836
ORD206,Jose,Pork,Fast Food,Laguna,GCash,Pending,2,304.3882972,2024-07-25T00:00:00,2024-07-26T00:00:00,608.7765944
ORD207,Pedro,Chicken,Fast Food,Laguna,Cash,Pending,1,271.5057164,2024-07-26T00:00:00,2024-07-27T00:00:00,271.5057164
ORD208,Ana,BBQ,Grilled,Laguna,GCash,Completed,1,121.5127857,2024-07-27T00:00:00,2024-07-28T00:00:00,121.5127857
ORD209,Ana,Burger,Fast Food,Laguna,GCash,Pending,3,108.8343381,2024-07-28T00:00:00,2024-07-29T00:00:00,326.5030144
ORD210,Pedro,Burger,Fast Food,Cavite,Card,Pending,3,243.1844778,2024-07-29T00:00:00,2024-07-30T00:00:00,729.5534334
ORD211,Ana,Chicken,Grilled,Laguna,GCash,Cancelled,4,233.4643563,2024-07-30T00:00:00,2024-07-31T00:00:00,933.857425
ORD212,Pedro,Chicken,Fast Food,Manila,Card,Cancelled,4,255.0780619,2024-07-31T00:00:00,2024-08-01T00:00:00,1020.312248
ORD213,Maria,Pork,Grilled,Manila,Card,Completed,3,155.3472804,2024-08-01T00:00:00,2024-08-02T00:00:00,466.0418411
ORD214,Pedro,Steak,Grilled,Cavite,GCash,Cancelled,2,395.2673082,2024-08-02T00:00:00,2024-08-03T00:00:00,790.5346164
ORD215,Pedro,Chicken,Fried,Manila,Cash,Pending,4,442.7857659,2024-08-03T00:00:00,2024-08-04T00:00:00,1771.143064
ORD216,Ana,Chicken,Fried,Cavite,Cash,Cancelled,3,475.4858541,2024-08-04T00:00:00,2024-08-05T00:00:00,1426.457562
ORD217,Ana,BBQ,Fast Food,Cavite,GCash,Completed,4,296.9449214,2024-08-05T00:00:00,2024-08-06T00:00:00,1187.779686
ORD218,Juan,Burger,Fast Food,Manila,Cash,Cancelled,3,380.3462797,2024-08-06T00:00:00,2024-08-07T00:00:00,1141.038839
ORD219,Juan,Steak,Grilled,Laguna,Card,Cancelled,1,442.2204494,2024-08-07T00:00:00,2024-08-08T00:00:00,442.2204494
ORD220,Maria,BBQ,Fast Food,Manila,Card,Completed,3,267.3164444,2024-08-08T00:00:00,2024-08-09T00:00:00,801.9493333
ORD221,Juan,Pork,Grilled,Manila,GCash,Completed,1,223.7651179,2024-08-09T00:00:00,2024-08-10T00:00:00,223.7651179
ORD222,Pedro,Pork,Grilled,Cavite,Cash,Pending,4,474.6898223,2024-08-10T00:00:00,2024-08-11T00:00:00,1898.759289
ORD223,Ana,Chicken,Fast Food,Manila,Cash,Cancelled,3,306.2706204,2024-08-11T00:00:00,2024-08-12T00:00:00,918.8118613
ORD224,Juan,Chicken,Grilled,Cavite,Card,Pending,4,298.9015546,2024-08-12T00:00:00,2024-08-13T00:00:00,1195.606219
ORD225,Juan,Pork,Fried,Laguna,GCash,Cancelled,1,171.3664386,2024-08-13T00:00:00,2024-08-14T00:00:00,171.3664386
ORD226,Maria,Chicken,Fast Food,Laguna,Cash,Cancelled,3,143.2620058,2024-08-14T00:00:00,2024-08-15T00:00:00,429.7860175
ORD227,Maria,Steak,Fried,Laguna,GCash,Pending,4,436.842745,2024-08-15T00:00:00,2024-08-16T00:00:00,1747.37098
ORD228,Pedro,Chicken,Fast Food,Manila,Cash,Cancelled,1,345.6532705,2024-08-16T00:00:00,2024-08-17T00:00:00,345.6532705
ORD229,Ana,Burger,Grilled,Cavite,Card,Cancelled,4,230.3298336,2024-08-17T00:00:00,2024-08-18T00:00:00,921.3193344
ORD230,Maria,Chicken,Fast Food,Laguna,Card,Cancelled,2,176.694487,2024-08-18T00:00:00,2024-08-19T00:00:00,353.3889739
ORD231,Juan,BBQ,Fried,Cavite,GCash,Completed,1,322.1989121,2024-08-19T00:00:00,2024-08-20T00:00:00,322.1989121
ORD232,Ana,Steak,Grilled,Cavite,Card,Pending,1,333.5677157,2024-08-20T00:00:00,2024-08-21T00:00:00,333.5677157
ORD233,Ana,BBQ,Fast Food,Laguna,Cash,Completed,1,182.7974405,2024-08-21T00:00:00,2024-08-22T00:00:00,182.7974405
ORD234,Juan,BBQ,Fast Food,Laguna,Card,Pending,3,440.5622992,2024-08-22T00:00:00,2024-08-23T00:00:00,1321.686897
ORD235,Maria,Burger,Fast Food,Cavite,GCash,Pending,3,133.7057465,2024-08-23T00:00:00,2024-08-24T00:00:00,401.1172394
ORD236,Juan,Steak,Fried,Laguna,GCash,Cancelled,3,242.4372341,2024-08-24T00:00:00,2024-08-25T00:00:00,727.3117022
ORD237,Ana,Steak,Fried,Cavite,GCash,Pending,2,372.1537655,2024-08-25T00:00:00,2024-08-26T00:00:00,744.307531
ORD238,Jose,Steak,Fast Food,Cavite,Cash,Completed,2,209.6481455,2024-08-26T00:00:00,2024-08-27T00:00:00,419.2962911
ORD239,Jose,Steak,Grilled,Laguna,Cash,Completed,1,431.0700779,2024-08-27T00:00:00,2024-08-28T00:00:00,431.0700779
ORD240,Pedro,Steak,Grilled,Manila,Cash,Completed,2,395.9471306,2024-08-28T00:00:00,2024-08-29T00:00:00,791.8942613
ORD241,Juan,Burger,Fried,Laguna,Cash,Pending,4,415.6091378,2024-08-29T00:00:00,2024-08-30T00:00:00,1662.436551
ORD242,Juan,Chicken,Grilled,Manila,Cash,Completed,1,147.6426144,2024-08-30T00:00:00,2024-08-31T00:00:00,147.6426144
ORD243,Pedro,BBQ,Fried,Cavite,Card,Pending,1,156.2188512,2024-08-31T00:00:00,2024-09-01T00:00:00,156.2188512
ORD244,Pedro,Steak,Fast Food,Cavite,Cash,Completed,4,214.5894951,2024-09-01T00:00:00,2024-09-02T00:00:00,858.3579804
ORD245,Pedro,Chicken,Fried,Manila,Cash,Completed,1,307.2308661,2024-09-02T00:00:00,2024-09-03T00:00:00,307.2308661
ORD246,Ana,Chicken,Fried,Cavite,Card,Pending,2,399.2064307,2024-09-03T00:00:00,2024-09-04T00:00:00,798.4128614
ORD247,Juan,BBQ,Fast Food,Manila,Cash,Completed,3,434.6123563,2024-09-04T00:00:00,2024-09-05T00:00:00,1303.837069
ORD248,Ana,Burger,Grilled,Manila,GCash,Cancelled,4,381.7341264,2024-09-05T00:00:00,2024-09-06T00:00:00,1526.936506
ORD249,Pedro,Pork,Fried,Cavite,Cash,Pending,2,471.4387526,2024-09-06T00:00:00,2024-09-07T00:00:00,942.8775052
ORD250,Juan,Pork,Fried,Manila,Cash,Pending,4,395.4974038,2024-09-07T00:00:00,2024-09-08T00:00:00,1581.989615
ORD251,Ana,Chicken,Fast Food,Laguna,GCash,Pending,4,222.5071548,2024-09-08T00:00:00,2024-09-09T00:00:00,890.0286192
ORD252,Ana,BBQ,Grilled,Laguna,GCash,Cancelled,1,206.0325137,2024-09-09T00:00:00,2024-09-10T00:00:00,206.0325137
ORD253,Pedro,Pork,Fried,Cavite,GCash,Pending,1,378.4769801,2024-09-10T00:00:00,2024-09-11T00:00:00,378.4769801
ORD254,Juan,Chicken,Fast Food,Cavite,GCash,Completed,2,177.1482275,2024-09-11T00:00:00,2024-09-12T00:00:00,354.296455
ORD255,Pedro,Burger,Fried,Manila,Cash,Completed,4,137.0859243,2024-09-12T00:00:00,2024-09-13T00:00:00,548.3436973
ORD256,Juan,Pork,Fast Food,Manila,GCash,Completed,1,312.8891499,2024-09-13T00:00:00,2024-09-14T00:00:00,312.8891499
ORD257,Jose,Chicken,Grilled,Manila,GCash,Pending,1,428.6566279,2024-09-14T00:00:00,2024-09-15T00:00:00,428.6566279
ORD258,Maria,Chicken,Grilled,Manila,Card,Completed,4,140.551937,2024-09-15T00:00:00,2024-09-16T00:00:00,562.207748
ORD259,Maria,Steak,Grilled,Laguna,GCash,Pending,2,416.7565295,2024-09-16T00:00:00,2024-09-17T00:00:00,833.513059
ORD260,Maria,Burger,Grilled,Laguna,GCash,Completed,2,424.6288017,2024-09-17T00:00:00,2024-09-18T00:00:00,849.2576035
ORD261,Pedro,Steak,Fried,Cavite,Card,Cancelled,4,292.9096,2024-09-18T00:00:00,2024-09-19T00:00:00,1171.6384
ORD262,Jose,BBQ,Fried,Manila,Card,Cancelled,2,122.924124,2024-09-19T00:00:00,2024-09-20T00:00:00,245.848248
ORD263,Juan,Steak,Grilled,Manila,Cash,Cancelled,1,169.8359405,2024-09-20T00:00:00,2024-09-21T00:00:00,169.8359405
ORD264,Ana,Steak,Grilled,Cavite,Card,Cancelled,4,382.9705101,2024-09-21T00:00:00,2024-09-22T00:00:00,1531.88204
ORD265,Juan,Pork,Grilled,Manila,Cash,Pending,1,384.711178,2024-09-22T00:00:00,2024-09-23T00:00:00,384.711178
ORD266,Ana,Chicken,Fried,Manila,Card,Completed,3,459.3421101,2024-09-23T00:00:00,2024-09-24T00:00:00,1378.02633
ORD267,Juan,Burger,Grilled,Manila,Card,Cancelled,3,333.0744586,2024-09-24T00:00:00,2024-09-25T00:00:00,999.2233759
ORD268,Jose,Steak,Grilled,Manila,Cash,Pending,2,149.6429471,2024-09-25T00:00:00,2024-09-26T00:00:00,299.2858942
ORD269,Ana,Burger,Grilled,Manila,Card,Cancelled,3,148.5659622,2024-09-26T00:00:00,2024-09-27T00:00:00,445.6978866
ORD270,Pedro,Steak,Fast Food,Cavite,Cash,Cancelled,1,388.4529429,2024-09-27T00:00:00,2024-09-28T00:00:00,388.4529429
ORD271,Juan,BBQ,Grilled,Manila,Card,Pending,3,173.513866,2024-09-28T00:00:00,2024-09-29T00:00:00,520.5415981
ORD272,Juan,Steak,Fast Food,Cavite,GCash,Pending,1,231.3541998,2024-09-29T00:00:00,2024-09-30T00:00:00,231.3541998
ORD273,Ana,Pork,Fast Food,Manila,Card,Completed,2,294.8848028,2024-09-30T00:00:00,2024-10-01T00:00:00,589.7696055
ORD274,Pedro,Chicken,Grilled,Laguna,Cash,Completed,2,109.905951,2024-10-01T00:00:00,2024-10-02T00:00:00,219.8119021
ORD275,Pedro,BBQ,Fast Food,Laguna,Card,Cancelled,1,199.5276108,2024-10-02T00:00:00,2024-10-03T00:00:00,199.5276108
ORD276,Jose,Steak,Grilled,Laguna,Cash,Cancelled,3,263.1558434,2024-10-03T00:00:00,2024-10-04T00:00:00,789.4675302
ORD277,Pedro,Burger,Fried,Laguna,Cash,Completed,2,211.8545274,2024-10-04T00:00:00,2024-10-05T00:00:00,423.7090548
ORD278,Pedro,BBQ,Fried,Cavite,GCash,Completed,4,154.548131,2024-10-05T00:00:00,2024-10-06T00:00:00,618.1925239
ORD279,Pedro,BBQ,Fried,Cavite,GCash,Pending,2,391.2049031,2024-10-06T00:00:00,2024-10-07T00:00:00,782.4098062
ORD280,Maria,Steak,Fried,Manila,Cash,Completed,3,425.2590621,2024-10-07T00:00:00,2024-10-08T00:00:00,1275.777186
ORD281,Jose,BBQ,Fast Food,Laguna,Card,Completed,4,202.9915905,2024-10-08T00:00:00,2024-10-09T00:00:00,811.9663618
ORD282,Juan,Burger,Grilled,Cavite,Cash,Cancelled,3,409.7677978,2024-10-09T00:00:00,2024-10-10T00:00:00,1229.303394
ORD283,Ana,BBQ,Grilled,Manila,Cash,Completed,1,254.2214258,2024-10-10T00:00:00,2024-10-11T00:00:00,254.2214258
ORD284,Juan,Burger,Grilled,Manila,Card,Cancelled,4,302.6743163,2024-10-11T00:00:00,2024-10-12T00:00:00,1210.697265
ORD285,Jose,Steak,Fried,Cavite,Card,Completed,3,442.40043,2024-10-12T00:00:00,2024-10-13T00:00:00,1327.20129
ORD286,Ana,Chicken,Fried,Laguna,Card,Pending,4,399.9814727,2024-10-13T00:00:00,2024-10-14T00:00:00,1599.925891
ORD287,Jose,BBQ,Grilled,Manila,Card,Completed,3,422.0467405,2024-10-14T00:00:00,2024-10-15T00:00:00,1266.140222
ORD288,Pedro,Chicken,Fried,Laguna,Cash,Completed,4,154.7380666,2024-10-15T00:00:00,2024-10-16T00:00:00,618.9522665
ORD289,Ana,Burger,Grilled,Laguna,Cash,Completed,3,127.8877703,2024-10-16T00:00:00,2024-10-17T00:00:00,383.663311
ORD290,Pedro,BBQ,Grilled,Laguna,GCash,Cancelled,1,457.3618916,2024-10-17T00:00:00,2024-10-18T00:00:00,457.3618916
ORD291,Juan,Pork,Grilled,Manila,Cash,Pending,4,255.1337078,2024-10-18T00:00:00,2024-10-19T00:00:00,1020.534831
ORD292,Juan,Chicken,Grilled,Laguna,Card,Completed,4,215.1518712,2024-10-19T00:00:00,2024-10-20T00:00:00,860.6074849
ORD293,Ana,BBQ,Grilled,Manila,GCash,Cancelled,4,389.8785017,2024-10-20T00:00:00,2024-10-21T00:00:00,1559.514007
ORD294,Ana,Chicken,Grilled,Laguna,Card,Pending,4,434.5662386,2024-10-21T00:00:00,2024-10-22T00:00:00,1738.264955
ORD295,Jose,BBQ,Grilled,Manila,Cash,Cancelled,1,444.9958488,2024-10-22T00:00:00,2024-10-23T00:00:00,444.9958488
ORD296,Jose,Steak,Fried,Laguna,GCash,Cancelled,4,226.3988565,2024-10-23T00:00:00,2024-10-24T00:00:00,905.5954258
ORD297,Pedro,Chicken,Grilled,Cavite,Card,Pending,2,440.8849565,2024-10-24T00:00:00,2024-10-25T00:00:00,881.769913
ORD298,Ana,Pork,Grilled,Laguna,GCash,Completed,1,116.3735777,2024-10-25T00:00:00,2024-10-26T00:00:00,116.3735777
ORD299,Juan,Pork,Fried,Laguna,GCash,Cancelled,2,119.8645966,2024-10-26T00:00:00,2024-10-27T00:00:00,239.7291932
ORD300,Jose,Burger,Fried,Manila,Cash,Cancelled,4,349.4076781,2024-10-27T00:00:00,2024-10-28T00:00:00,1397.630712
ORD301,Jose,BBQ,Fried,Manila,Card,Completed,3,125.2425476,2024-10-28T00:00:00,2024-10-29T00:00:00,375.7276429
ORD302,Juan,Chicken,Grilled,Laguna,GCash,Completed,2,229.8436674,2024-10-29T00:00:00,2024-10-30T00:00:00,459.6873348
ORD303,Jose,Burger,Fast Food,Cavite,GCash,Pending,4,369.1023945,2024-10-30T00:00:00,2024-10-31T00:00:00,1476.409578
ORD304,Pedro,Chicken,Fast Food,Cavite,Card,Pending,2,234.9067584,2024-10-31T00:00:00,2024-11-01T00:00:00,469.8135168
ORD305,Ana,BBQ,Fried,Manila,GCash,Pending,4,171.8399126,2024-11-01T00:00:00,2024-11-02T00:00:00,687.3596503
ORD306,Juan,Pork,Fast Food,Cavite,GCash,Completed,4,212.5402487,2024-11-02T00:00:00,2024-11-03T00:00:00,850.160995
ORD307,Ana,Steak,Fried,Laguna,GCash,Cancelled,4,283.0301329,2024-11-03T00:00:00,2024-11-04T00:00:00,1132.120532
ORD308,Jose,Pork,Grilled,Manila,Card,Cancelled,3,290.1543421,2024-11-04T00:00:00,2024-11-05T00:00:00,870.4630264
ORD309,Jose,Burger,Fast Food,Laguna,Card,Pending,2,413.2000925,2024-11-05T00:00:00,2024-11-06T00:00:00,826.4001851
ORD310,Juan,Steak,Grilled,Manila,Card,Completed,1,400.0612918,2024-11-06T00:00:00,2024-11-07T00:00:00,400.0612918
ORD311,Pedro,Burger,Fast Food,Manila,Card,Cancelled,1,282.7271218,2024-11-07T00:00:00,2024-11-08T00:00:00,282.7271218
ORD312,Maria,BBQ,Grilled,Manila,Cash,Pending,1,438.2669396,2024-11-08T00:00:00,2024-11-09T00:00:00,438.2669396
ORD313,Juan,Steak,Fast Food,Manila,GCash,Cancelled,1,145.6948554,2024-11-09T00:00:00,2024-11-10T00:00:00,145.6948554
ORD314,Maria,Burger,Grilled,Cavite,Card,Cancelled,4,202.1413401,2024-11-10T00:00:00,2024-11-11T00:00:00,808.5653604
ORD315,Maria,BBQ,Grilled,Laguna,GCash,Completed,2,431.1905854,2024-11-11T00:00:00,2024-11-12T00:00:00,862.3811708
ORD316,Pedro,Pork,Fast Food,Laguna,GCash,Completed,2,251.1976155,2024-11-12T00:00:00,2024-11-13T00:00:00,502.3952309
ORD317,Maria,BBQ,Grilled,Laguna,Cash,Cancelled,3,492.4726235,2024-11-13T00:00:00,2024-11-14T00:00:00,1477.417871
ORD318,Maria,Chicken,Grilled,Manila,Card,Pending,2,286.5013126,2024-11-14T00:00:00,2024-11-15T00:00:00,573.0026252
ORD319,Pedro,BBQ,Grilled,Cavite,Card,Completed,2,416.7742492,2024-11-15T00:00:00,2024-11-16T00:00:00,833.5484984
ORD320,Maria,BBQ,Fast Food,Laguna,GCash,Cancelled,2,260.9228166,2024-11-16T00:00:00,2024-11-17T00:00:00,521.8456331
ORD321,Maria,Chicken,Fast Food,Cavite,Card,Completed,3,269.9814076,2024-11-17T00:00:00,2024-11-18T00:00:00,809.9442229
ORD322,Maria,Burger,Grilled,Manila,GCash,Completed,1,253.1532589,2024-11-18T00:00:00,2024-11-19T00:00:00,253.1532589
ORD323,Juan,Burger,Grilled,Laguna,GCash,Completed,2,387.6302482,2024-11-19T00:00:00,2024-11-20T00:00:00,775.2604964
ORD324,Juan,BBQ,Fast Food,Cavite,Cash,Cancelled,3,319.0071536,2024-11-20T00:00:00,2024-11-21T00:00:00,957.0214609
ORD325,Juan,Chicken,Fast Food,Manila,Cash,Pending,3,477.5112445,2024-11-21T00:00:00,2024-11-22T00:00:00,1432.533734
ORD326,Pedro,Chicken,Grilled,Cavite,Cash,Pending,4,200.3561266,2024-11-22T00:00:00,2024-11-23T00:00:00,801.4245065
ORD327,Jose,Pork,Grilled,Laguna,GCash,Pending,3,140.2250928,2024-11-23T00:00:00,2024-11-24T00:00:00,420.6752785
ORD328,Maria,Burger,Grilled,Laguna,Card,Completed,1,257.304594,2024-11-24T00:00:00,2024-11-25T00:00:00,257.304594
ORD329,Maria,Steak,Fried,Manila,Cash,Cancelled,2,346.6850831,2024-11-25T00:00:00,2024-11-26T00:00:00,693.3701661
ORD330,Pedro,Burger,Fast Food,Manila,Card,Completed,3,444.3195748,2024-11-26T00:00:00,2024-11-27T00:00:00,1332.958724
ORD331,Maria,Burger,Fried,Manila,Cash,Pending,1,238.4787547,2024-11-27T00:00:00,2024-11-28T00:00:00,238.4787547
ORD332,Juan,Pork,Fast Food,Cavite,Cash,Pending,3,361.5147004,2024-11-28T00:00:00,2024-11-29T00:00:00,1084.544101
ORD333,Jose,Steak,Fast Food,Cavite,GCash,Cancelled,3,240.0794724,2024-11-29T00:00:00,2024-11-30T00:00:00,720.2384172
ORD334,Ana,Pork,Fast Food,Cavite,Cash,Completed,3,346.8878332,2024-11-30T00:00:00,2024-12-01T00:00:00,1040.6635
ORD335,Maria,Steak,Fast Food,Manila,Cash,Pending,3,453.9231788,2024-12-01T00:00:00,2024-12-02T00:00:00,1361.769536
ORD336,Juan,BBQ,Fast Food,Laguna,GCash,Cancelled,3,192.5430569,2024-12-02T00:00:00,2024-12-03T00:00:00,577.6291707
ORD337,Ana,Steak,Fast Food,Laguna,Card,Completed,1,261.6966568,2024-12-03T00:00:00,2024-12-04T00:00:00,261.6966568
ORD338,Jose,Pork,Fast Food,Cavite,Cash,Completed,2,497.3060786,2024-12-04T00:00:00,2024-12-05T00:00:00,994.6121571
ORD339,Ana,Burger,Fried,Cavite,GCash,Pending,2,447.4228113,2024-12-05T00:00:00,2024-12-06T00:00:00,894.8456226
ORD340,Juan,Steak,Grilled,Laguna,Cash,Pending,2,325.8559432,2024-12-06T00:00:00,2024-12-07T00:00:00,651.7118863
ORD341,Ana,Steak,Grilled,Laguna,GCash,Completed,2,306.6510367,2024-12-07T00:00:00,2024-12-08T00:00:00,613.3020735
ORD342,Pedro,Chicken,Fried,Cavite,Card,Completed,1,213.8401529,2024-12-08T00:00:00,2024-12-09T00:00:00,213.8401529
ORD343,Ana,Burger,Fried,Cavite,Card,Pending,4,306.8837711,2024-12-09T00:00:00,2024-12-10T00:00:00,1227.535084
ORD344,Maria,BBQ,Fried,Laguna,GCash,Completed,4,439.2725993,2024-12-10T00:00:00,2024-12-11T00:00:00,1757.090397
ORD345,Maria,Pork,Fried,Manila,GCash,Pending,1,374.0698053,2024-12-11T00:00:00,2024-12-12T00:00:00,374.0698053
ORD346,Pedro,BBQ,Fast Food,Cavite,GCash,Completed,1,216.0176113,2024-12-12T00:00:00,2024-12-13T00:00:00,216.0176113
ORD347,Juan,Burger,Grilled,Laguna,Card,Pending,3,180.5855684,2024-12-13T00:00:00,2024-12-14T00:00:00,541.7567053
ORD348,Maria,Steak,Fast Food,Laguna,Cash,Cancelled,3,206.0834148,2024-12-14T00:00:00,2024-12-15T00:00:00,618.2502444
ORD349,Jose,Steak,Grilled,Laguna,Card,Pending,3,167.9036806,2024-12-15T00:00:00,2024-12-16T00:00:00,503.7110417
ORD350,Maria,Burger,Grilled,Laguna,GCash,Pending,2,138.2562784,2024-12-16T00:00:00,2024-12-17T00:00:00,276.5125568
ORD351,Maria,Steak,Fried,Manila,GCash,Cancelled,3,267.6544698,2024-12-17T00:00:00,2024-12-18T00:00:00,802.9634093
ORD352,Juan,Steak,Fast Food,Laguna,Card,Completed,4,145.3198418,2024-12-18T00:00:00,2024-12-19T00:00:00,581.279367
ORD353,Ana,Steak,Fried,Cavite,GCash,Cancelled,2,168.7650231,2024-12-19T00:00:00,2024-12-20T00:00:00,337.5300462
ORD354,Maria,Pork,Fast Food,Manila,Card,Pending,3,318.9298737,2024-12-20T00:00:00,2024-12-21T00:00:00,956.7896212
ORD355,Pedro,Pork,Grilled,Laguna,GCash,Completed,2,165.8397095,2024-12-21T00:00:00,2024-12-22T00:00:00,331.679419
ORD356,Ana,Chicken,Fried,Manila,Cash,Cancelled,4,125.551907,2024-12-22T00:00:00,2024-12-23T00:00:00,502.2076279
ORD357,Jose,BBQ,Fried,Cavite,Cash,Completed,3,226.95554,2024-12-23T00:00:00,2024-12-24T00:00:00,680.86662
ORD358,Juan,Burger,Grilled,Laguna,GCash,Completed,4,188.1276394,2024-12-24T00:00:00,2024-12-25T00:00:00,752.5105578
ORD359,Jose,Burger,Grilled,Cavite,Card,Cancelled,4,306.1220752,2024-12-25T00:00:00,2024-12-26T00:00:00,1224.488301
ORD360,Ana,Burger,Grilled,Laguna,Cash,Completed,4,140.9468338,2024-12-26T00:00:00,2024-12-27T00:00:00,563.7873353
ORD361,Ana,Chicken,Fried,Laguna,Card,Cancelled,3,400.7083151,2024-12-27T00:00:00,2024-12-28T00:00:00,1202.124945
ORD362,Ana,Pork,Fast Food,Laguna,GCash,Pending,1,462.4934078,2024-12-28T00:00:00,2024-12-29T00:00:00,462.4934078
ORD363,Jose,Chicken,Fried,Laguna,Card,Completed,3,397.3740696,2024-12-29T00:00:00,2024-12-30T00:00:00,1192.122209
ORD364,Ana,Burger,Fast Food,Laguna,Cash,Pending,4,313.130815,2024-12-30T00:00:00,2024-12-31T00:00:00,1252.52326
ORD365,Jose,BBQ,Fried,Manila,Card,Pending,3,444.2671287,2024-12-31T00:00:00,2025-01-01T00:00:00,1332.801386
ORD366,Ana,Steak,Fried,Laguna,Card,Completed,4,377.9673519,2025-01-01T00:00:00,2025-01-02T00:00:00,1511.869408
ORD367,Pedro,Pork,Grilled,Laguna,GCash,Cancelled,1,104.220449,2025-01-02T00:00:00,2025-01-03T00:00:00,104.220449
ORD368,Ana,Pork,Fast Food,Manila,GCash,Completed,2,257.6360611,2025-01-03T00:00:00,2025-01-04T00:00:00,515.2721222
ORD369,Jose,Chicken,Fried,Manila,GCash,Pending,1,440.3807598,2025-01-04T00:00:00,2025-01-05T00:00:00,440.3807598
ORD370,Maria,Pork,Fried,Manila,Cash,Pending,1,238.3435432,2025-01-05T00:00:00,2025-01-06T00:00:00,238.3435432
ORD371,Ana,Burger,Grilled,Manila,Cash,Cancelled,2,114.0860694,2025-01-06T00:00:00,2025-01-07T00:00:00,228.1721388
ORD372,Maria,Burger,Grilled,Manila,GCash,Completed,3,398.4718554,2025-01-07T00:00:00,2025-01-08T00:00:00,1195.415566
ORD373,Pedro,Chicken,Fast Food,Manila,GCash,Pending,2,420.8153081,2025-01-08T00:00:00,2025-01-09T00:00:00,841.6306162
ORD374,Juan,Burger,Fried,Laguna,Cash,Pending,3,164.237478,2025-01-09T00:00:00,2025-01-10T00:00:00,492.7124341
ORD375,Pedro,BBQ,Fast Food,Laguna,Cash,Pending,3,314.9361987,2025-01-10T00:00:00,2025-01-11T00:00:00,944.8085962
ORD376,Ana,Chicken,Fried,Cavite,Cash,Cancelled,4,176.7821756,2025-01-11T00:00:00,2025-01-12T00:00:00,707.1287024
ORD377,Maria,BBQ,Fast Food,Laguna,Cash,Pending,4,387.6937676,2025-01-12T00:00:00,2025-01-13T00:00:00,1550.77507
ORD378,Maria,Steak,Grilled,Laguna,GCash,Pending,2,208.6201821,2025-01-13T00:00:00,2025-01-14T00:00:00,417.2403641
ORD379,Jose,BBQ,Fried,Manila,Cash,Completed,1,226.486049,2025-01-14T00:00:00,2025-01-15T00:00:00,226.486049
ORD380,Maria,Steak,Fast Food,Manila,GCash,Completed,2,437.9883415,2025-01-15T00:00:00,2025-01-16T00:00:00,875.9766829
ORD381,Jose,Steak,Grilled,Laguna,Card,Pending,3,290.5289409,2025-01-16T00:00:00,2025-01-17T00:00:00,871.5868226
ORD382,Juan,BBQ,Grilled,Cavite,Card,Pending,4,367.9017805,2025-01-17T00:00:00,2025-01-18T00:00:00,1471.607122
ORD383,Ana,Chicken,Fast Food,Manila,Cash,Completed,2,260.9492203,2025-01-18T00:00:00,2025-01-19T00:00:00,521.8984406
ORD384,Jose,Burger,Fried,Laguna,Card,Cancelled,2,219.2027429,2025-01-19T00:00:00,2025-01-20T00:00:00,438.4054858
ORD385,Juan,Burger,Fried,Laguna,Card,Cancelled,4,350.1912242,2025-01-20T00:00:00,2025-01-21T00:00:00,1400.764897
ORD386,Maria,Steak,Grilled,Cavite,Card,Cancelled,4,161.9430296,2025-01-21T00:00:00,2025-01-22T00:00:00,647.7721185
ORD387,Maria,Steak,Fried,Cavite,Cash,Cancelled,4,249.1999342,2025-01-22T00:00:00,2025-01-23T00:00:00,996.7997369
ORD388,Juan,Chicken,Fried,Manila,Cash,Cancelled,3,183.614815,2025-01-23T00:00:00,2025-01-24T00:00:00,550.8444449
ORD389,Maria,Pork,Fried,Cavite,Card,Cancelled,4,378.3179868,2025-01-24T00:00:00,2025-01-25T00:00:00,1513.271947
ORD390,Juan,BBQ,Grilled,Laguna,GCash,Cancelled,1,477.6835353,2025-01-25T00:00:00,2025-01-26T00:00:00,477.6835353
ORD391,Jose,Steak,Fast Food,Laguna,Card,Cancelled,2,498.2043872,2025-01-26T00:00:00,2025-01-27T00:00:00,996.4087744
ORD392,Jose,Burger,Fried,Cavite,Cash,Completed,4,280.1107242,2025-01-27T00:00:00,2025-01-28T00:00:00,1120.442897
ORD393,Juan,Chicken,Grilled,Cavite,Cash,Cancelled,4,201.0121559,2025-01-28T00:00:00,2025-01-29T00:00:00,804.0486234
ORD394,Jose,BBQ,Grilled,Cavite,Cash,Cancelled,3,277.1317482,2025-01-29T00:00:00,2025-01-30T00:00:00,831.3952445
ORD395,Jose,Chicken,Fast Food,Cavite,Card,Cancelled,3,438.907764,2025-01-30T00:00:00,2025-01-31T00:00:00,1316.723292
ORD396,Jose,BBQ,Fried,Manila,GCash,Pending,2,182.4022714,2025-01-31T00:00:00,2025-02-01T00:00:00,364.8045428
ORD397,Pedro,BBQ,Fried,Cavite,Cash,Completed,1,480.8382607,2025-02-01T00:00:00,2025-02-02T00:00:00,480.8382607
ORD398,Ana,Steak,Fast Food,Manila,Cash,Completed,2,236.7463075,2025-02-02T00:00:00,2025-02-03T00:00:00,473.492615
ORD399,Maria,Chicken,Fast Food,Laguna,Card,Completed,4,494.3214638,2025-02-03T00:00:00,2025-02-04T00:00:00,1977.285855
ORD400,Pedro,Chicken,Grilled,Cavite,GCash,Cancelled,1,435.443555,2025-02-04T00:00:00,2025-02-05T00:00:00,435.443555
ORD401,Jose,Burger,Grilled,Manila,Card,Cancelled,1,423.4282137,2025-02-05T00:00:00,2025-02-06T00:00:00,423.4282137
ORD402,Juan,Burger,Fast Food,Cavite,Cash,Pending,1,227.1618695,2025-02-06T00:00:00,2025-02-07T00:00:00,227.1618695
ORD403,Jose,Steak,Fried,Laguna,GCash,Completed,1,103.5108848,2025-02-07T00:00:00,2025-02-08T00:00:00,103.5108848
ORD404,Ana,Steak,Grilled,Laguna,GCash,Cancelled,2,252.8531635,2025-02-08T00:00:00,2025-02-09T00:00:00,505.7063271
ORD405,Jose,Pork,Grilled,Laguna,Cash,Completed,3,220.7237479,2025-02-09T00:00:00,2025-02-10T00:00:00,662.1712436
ORD406,Juan,Burger,Fried,Cavite,GCash,Pending,3,114.9587962,2025-02-10T00:00:00,2025-02-11T00:00:00,344.8763885
ORD407,Ana,BBQ,Grilled,Cavite,GCash,Pending,4,302.1461026,2025-02-11T00:00:00,2025-02-12T00:00:00,1208.58441
ORD408,Jose,Chicken,Fried,Manila,Card,Pending,3,261.2125245,2025-02-12T00:00:00,2025-02-13T00:00:00,783.6375735
ORD409,Ana,Steak,Fried,Laguna,Cash,Completed,3,353.8225871,2025-02-13T00:00:00,2025-02-14T00:00:00,1061.467761
ORD410,Maria,Chicken,Fried,Cavite,Cash,Cancelled,3,348.4745289,2025-02-14T00:00:00,2025-02-15T00:00:00,1045.423587
ORD411,Maria,Chicken,Fast Food,Laguna,Cash,Cancelled,3,148.2986544,2025-02-15T00:00:00,2025-02-16T00:00:00,444.8959631
ORD412,Jose,Pork,Fast Food,Laguna,Cash,Pending,4,490.7862185,2025-02-16T00:00:00,2025-02-17T00:00:00,1963.144874
ORD413,Ana,Burger,Fast Food,Manila,Cash,Cancelled,2,174.7725718,2025-02-17T00:00:00,2025-02-18T00:00:00,349.5451436
ORD414,Juan,Steak,Fried,Manila,GCash,Pending,1,278.1096099,2025-02-18T00:00:00,2025-02-19T00:00:00,278.1096099
ORD415,Jose,Chicken,Fried,Manila,Card,Completed,3,295.2470174,2025-02-19T00:00:00,2025-02-20T00:00:00,885.7410521
ORD416,Maria,Steak,Fast Food,Manila,Cash,Pending,2,425.2251189,2025-02-20T00:00:00,2025-02-21T00:00:00,850.4502378
ORD417,Maria,BBQ,Grilled,Laguna,Card,Completed,3,139.6918384,2025-02-21T00:00:00,2025-02-22T00:00:00,419.0755153
ORD418,Jose,Pork,Fried,Manila,Card,Pending,3,271.4577117,2025-02-22T00:00:00,2025-02-23T00:00:00,814.3731351
ORD419,Ana,BBQ,Grilled,Manila,GCash,Cancelled,1,351.4008681,2025-02-23T00:00:00,2025-02-24T00:00:00,351.4008681
ORD420,Maria,Steak,Grilled,Manila,Cash,Cancelled,1,186.0622486,2025-02-24T00:00:00,2025-02-25T00:00:00,186.0622486
ORD421,Ana,Steak,Fried,Manila,GCash,Pending,1,350.9871595,2025-02-25T00:00:00,2025-02-26T00:00:00,350.9871595
ORD422,Maria,Burger,Fried,Laguna,Cash,Cancelled,3,469.465935,2025-02-26T00:00:00,2025-02-27T00:00:00,1408.397805
ORD423,Maria,Chicken,Grilled,Manila,GCash,Cancelled,3,499.0072525,2025-02-27T00:00:00,2025-02-28T00:00:00,1497.021757
ORD424,Pedro,Chicken,Grilled,Laguna,Card,Cancelled,3,112.9804307,2025-02-28T00:00:00,2025-03-01T00:00:00,338.9412921
ORD425,Maria,BBQ,Fast Food,Cavite,Cash,Completed,1,194.2352913,2025-03-01T00:00:00,2025-03-02T00:00:00,194.2352913
ORD426,Juan,Pork,Fast Food,Laguna,Card,Cancelled,4,224.1228463,2025-03-02T00:00:00,2025-03-03T00:00:00,896.4913853
ORD427,Jose,Chicken,Fried,Laguna,Card,Completed,2,259.6504402,2025-03-03T00:00:00,2025-03-04T00:00:00,519.3008804
ORD428,Jose,Burger,Fast Food,Manila,GCash,Pending,4,196.902863,2025-03-04T00:00:00,2025-03-05T00:00:00,787.6114521
ORD429,Ana,BBQ,Fast Food,Cavite,Cash,Cancelled,3,181.3951978,2025-03-05T00:00:00,2025-03-06T00:00:00,544.1855935
ORD430,Maria,BBQ,Fast Food,Cavite,Card,Cancelled,3,481.821537,2025-03-06T00:00:00,2025-03-07T00:00:00,1445.464611
ORD431,Juan,Burger,Fast Food,Cavite,GCash,Cancelled,4,467.4086411,2025-03-07T00:00:00,2025-03-08T00:00:00,1869.634564
ORD432,Ana,Pork,Grilled,Cavite,Cash,Pending,3,118.7970004,2025-03-08T00:00:00,2025-03-09T00:00:00,356.3910012
ORD433,Pedro,Burger,Fried,Laguna,Cash,Completed,2,235.5252086,2025-03-09T00:00:00,2025-03-10T00:00:00,471.0504173
ORD434,Ana,Pork,Fast Food,Cavite,Card,Completed,3,262.0594215,2025-03-10T00:00:00,2025-03-11T00:00:00,786.1782644
ORD435,Ana,Burger,Grilled,Laguna,Cash,Cancelled,2,195.6058139,2025-03-11T00:00:00,2025-03-12T00:00:00,391.2116277
ORD436,Maria,Burger,Grilled,Laguna,Card,Pending,4,351.5491588,2025-03-12T00:00:00,2025-03-13T00:00:00,1406.196635
ORD437,Pedro,Steak,Grilled,Laguna,Cash,Pending,4,356.1522987,2025-03-13T00:00:00,2025-03-14T00:00:00,1424.609195
ORD438,Ana,BBQ,Fast Food,Cavite,GCash,Pending,3,440.2016913,2025-03-14T00:00:00,2025-03-15T00:00:00,1320.605074
ORD439,Juan,Burger,Fast Food,Manila,Card,Pending,2,396.3477074,2025-03-15T00:00:00,2025-03-16T00:00:00,792.6954147
ORD440,Juan,Burger,Fried,Manila,Card,Pending,3,317.0293308,2025-03-16T00:00:00,2025-03-17T00:00:00,951.0879924
ORD441,Jose,Chicken,Fast Food,Cavite,Cash,Completed,1,361.434708,2025-03-17T00:00:00,2025-03-18T00:00:00,361.434708
ORD442,Pedro,BBQ,Fast Food,Manila,Cash,Completed,1,209.5955126,2025-03-18T00:00:00,2025-03-19T00:00:00,209.5955126
ORD443,Pedro,Chicken,Grilled,Manila,Card,Completed,1,337.222476,2025-03-19T00:00:00,2025-03-20T00:00:00,337.222476
ORD444,Jose,BBQ,Fried,Laguna,Cash,Cancelled,1,295.6909019,2025-03-20T00:00:00,2025-03-21T00:00:00,295.6909019
ORD445,Ana,Chicken,Fast Food,Laguna,GCash,Pending,3,153.3377869,2025-03-21T00:00:00,2025-03-22T00:00:00,460.0133608
ORD446,Pedro,Burger,Fast Food,Cavite,Cash,Cancelled,1,197.0177106,2025-03-22T00:00:00,2025-03-23T00:00:00,197.0177106
ORD447,Juan,Burger,Grilled,Cavite,GCash,Pending,2,216.6773803,2025-03-23T00:00:00,2025-03-24T00:00:00,433.3547606
ORD448,Juan,Steak,Grilled,Manila,GCash,Completed,4,469.7238268,2025-03-24T00:00:00,2025-03-25T00:00:00,1878.895307
ORD449,Maria,Chicken,Fast Food,Laguna,GCash,Cancelled,4,192.1546558,2025-03-25T00:00:00,2025-03-26T00:00:00,768.618623
ORD450,Pedro,Pork,Fried,Cavite,GCash,Completed,1,215.6975611,2025-03-26T00:00:00,2025-03-27T00:00:00,215.6975611
ORD451,Ana,Steak,Fried,Cavite,GCash,Pending,1,247.741652,2025-03-27T00:00:00,2025-03-28T00:00:00,247.741652
ORD452,Jose,Chicken,Grilled,Cavite,Cash,Pending,1,365.4970955,2025-03-28T00:00:00,2025-03-29T00:00:00,365.4970955
ORD453,Jose,Chicken,Grilled,Cavite,GCash,Pending,3,147.295357,2025-03-29T00:00:00,2025-03-30T00:00:00,441.886071
ORD454,Ana,Steak,Fast Food,Cavite,Cash,Completed,4,481.578085,2025-03-30T00:00:00,2025-03-31T00:00:00,1926.31234
ORD455,Maria,Burger,Grilled,Cavite,GCash,Pending,1,446.228488,2025-03-31T00:00:00,2025-04-01T00:00:00,446.228488
ORD456,Jose,Chicken,Fast Food,Manila,Card,Completed,2,330.8864292,2025-04-01T00:00:00,2025-04-02T00:00:00,661.7728584
ORD457,Pedro,Burger,Fried,Laguna,GCash,Cancelled,1,369.615147,2025-04-02T00:00:00,2025-04-03T00:00:00,369.615147
ORD458,Maria,Steak,Fried,Laguna,Card,Pending,4,106.6641885,2025-04-03T00:00:00,2025-04-04T00:00:00,426.656754
ORD459,Pedro,Burger,Fast Food,Cavite,GCash,Pending,1,235.5779101,2025-04-04T00:00:00,2025-04-05T00:00:00,235.5779101
ORD460,Juan,BBQ,Grilled,Laguna,GCash,Pending,4,418.2640923,2025-04-05T00:00:00,2025-04-06T00:00:00,1673.056369
ORD461,Maria,Pork,Fried,Laguna,GCash,Cancelled,1,130.9931895,2025-04-06T00:00:00,2025-04-07T00:00:00,130.9931895
ORD462,Jose,Chicken,Grilled,Laguna,Card,Pending,2,212.9255337,2025-04-07T00:00:00,2025-04-08T00:00:00,425.8510674
ORD463,Maria,Pork,Fried,Cavite,Card,Completed,1,334.1187313,2025-04-08T00:00:00,2025-04-09T00:00:00,334.1187313
ORD464,Maria,Burger,Fast Food,Cavite,GCash,Completed,2,202.5652111,2025-04-09T00:00:00,2025-04-10T00:00:00,405.1304222
ORD465,Maria,Chicken,Fast Food,Laguna,Cash,Pending,2,473.5911897,2025-04-10T00:00:00,2025-04-11T00:00:00,947.1823793
ORD466,Maria,Burger,Fast Food,Laguna,GCash,Pending,1,152.4234523,2025-04-11T00:00:00,2025-04-12T00:00:00,152.4234523
ORD467,Pedro,BBQ,Fried,Cavite,Card,Cancelled,2,418.9577432,2025-04-12T00:00:00,2025-04-13T00:00:00,837.9154863
ORD468,Juan,Steak,Grilled,Manila,GCash,Cancelled,3,303.1794768,2025-04-13T00:00:00,2025-04-14T00:00:00,909.5384303
ORD469,Ana,Chicken,Grilled,Laguna,Card,Cancelled,1,400.1323103,2025-04-14T00:00:00,2025-04-15T00:00:00,400.1323103
ORD470,Maria,BBQ,Grilled,Manila,Card,Pending,1,224.2861313,2025-04-15T00:00:00,2025-04-16T00:00:00,224.2861313
ORD471,Jose,BBQ,Fried,Laguna,Card,Cancelled,2,305.7958409,2025-04-16T00:00:00,2025-04-17T00:00:00,611.5916818
ORD472,Maria,Chicken,Fried,Manila,GCash,Cancelled,2,442.7341399,2025-04-17T00:00:00,2025-04-18T00:00:00,885.4682798
ORD473,Jose,Burger,Fried,Manila,Card,Completed,1,286.7512396,2025-04-18T00:00:00,2025-04-19T00:00:00,286.7512396
ORD474,Pedro,BBQ,Fried,Manila,Card,Cancelled,3,243.8879448,2025-04-19T00:00:00,2025-04-20T00:00:00,731.6638343
ORD475,Jose,Pork,Fried,Cavite,GCash,Completed,2,314.4621545,2025-04-20T00:00:00,2025-04-21T00:00:00,628.924309
ORD476,Ana,BBQ,Grilled,Manila,Card,Completed,2,386.9451012,2025-04-21T00:00:00,2025-04-22T00:00:00,773.8902024
ORD477,Juan,Burger,Fried,Manila,GCash,Cancelled,4,277.4253382,2025-04-22T00:00:00,2025-04-23T00:00:00,1109.701353
ORD478,Jose,Burger,Fried,Manila,Card,Completed,3,475.5507901,2025-04-23T00:00:00,2025-04-24T00:00:00,1426.65237
ORD479,Jose,Pork,Grilled,Laguna,Cash,Pending,3,217.9783296,2025-04-24T00:00:00,2025-04-25T00:00:00,653.9349889
ORD480,Juan,BBQ,Fried,Manila,Cash,Pending,1,290.1854425,2025-04-25T00:00:00,2025-04-26T00:00:00,290.1854425
ORD481,Ana,Burger,Grilled,Laguna,Card,Cancelled,3,402.7710637,2025-04-26T00:00:00,2025-04-27T00:00:00,1208.313191
ORD482,Maria,Chicken,Grilled,Manila,Cash,Pending,1,375.6484362,2025-04-27T00:00:00,2025-04-28T00:00:00,375.6484362
ORD483,Jose,Steak,Fast Food,Manila,GCash,Completed,4,445.456421,2025-04-28T00:00:00,2025-04-29T00:00:00,1781.825684
ORD484,Juan,Steak,Fast Food,Cavite,Cash,Pending,3,498.7236723,2025-04-29T00:00:00,2025-04-30T00:00:00,1496.171017
ORD485,Pedro,Steak,Fast Food,Laguna,Card,Cancelled,2,270.7433315,2025-04-30T00:00:00,2025-05-01T00:00:00,541.486663
ORD486,Juan,BBQ,Fast Food,Manila,Card,Cancelled,4,144.4603519,2025-05-01T00:00:00,2025-05-02T00:00:00,577.8414077
ORD487,Pedro,Pork,Fried,Laguna,GCash,Completed,1,112.1663523,2025-05-02T00:00:00,2025-05-03T00:00:00,112.1663523
ORD488,Ana,Burger,Fast Food,Laguna,Card,Cancelled,4,390.7507625,2025-05-03T00:00:00,2025-05-04T00:00:00,1563.00305
ORD489,Maria,Chicken,Grilled,Cavite,GCash,Pending,1,449.6054685,2025-05-04T00:00:00,2025-05-05T00:00:00,449.6054685
ORD490,Juan,Chicken,Fried,Cavite,Cash,Cancelled,4,188.2850344,2025-05-05T00:00:00,2025-05-06T00:00:00,753.1401375
ORD491,Jose,BBQ,Fast Food,Cavite,Cash,Completed,1,163.3792149,2025-05-06T00:00:00,2025-05-07T00:00:00,163.3792149
ORD492,Ana,Steak,Grilled,Cavite,GCash,Cancelled,3,124.8820366,2025-05-07T00:00:00,2025-05-08T00:00:00,374.6461098
ORD493,Juan,BBQ,Fried,Cavite,GCash,Pending,2,429.0811687,2025-05-08T00:00:00,2025-05-09T00:00:00,858.1623374
ORD494,Jose,Pork,Fried,Cavite,Card,Completed,1,224.552776,2025-05-09T00:00:00,2025-05-10T00:00:00,224.552776
ORD495,Juan,Pork,Fast Food,Cavite,Cash,Pending,4,260.6787571,2025-05-10T00:00:00,2025-05-11T00:00:00,1042.715028
ORD496,Pedro,Burger,Fried,Cavite,GCash,Completed,1,301.1000766,2025-05-11T00:00:00,2025-05-12T00:00:00,301.1000766
ORD497,Juan,Burger,Grilled,Manila,Cash,Cancelled,1,435.7812937,2025-05-12T00:00:00,2025-05-13T00:00:00,435.7812937
ORD498,Juan,Pork,Fried,Laguna,GCash,Completed,1,360.3332886,2025-05-13T00:00:00,2025-05-14T00:00:00,360.3332886
ORD499,Juan,Pork,Grilled,Cavite,Cash,Completed,4,346.0258519,2025-05-14T00:00:00,2025-05-15T00:00:00,1384.103408
ORD500,Ana,Pork,Fried,Cavite,Card,Cancelled,2,170.26884,2025-05-15T00:00:00,2025-05-16T00:00:00,340.53768
ORD501,Juan,BBQ,Fast Food,Laguna,Cash,Pending,3,305.2759567,2025-05-16T00:00:00,2025-05-17T00:00:00,915.8278701
ORD502,Jose,Pork,Grilled,Manila,Cash,Cancelled,2,386.1524069,2025-05-17T00:00:00,2025-05-18T00:00:00,772.3048137
ORD503,Pedro,Chicken,Fried,Laguna,Cash,Completed,1,489.3043532,2025-05-18T00:00:00,2025-05-19T00:00:00,489.3043532
ORD504,Pedro,Steak,Fried,Laguna,Cash,Cancelled,4,180.5625237,2025-05-19T00:00:00,2025-05-20T00:00:00,722.2500947
ORD505,Juan,Pork,Fried,Cavite,Cash,Completed,2,103.8173412,2025-05-20T00:00:00,2025-05-21T00:00:00,207.6346825
ORD506,Ana,Steak,Grilled,Laguna,Card,Cancelled,1,130.1205734,2025-05-21T00:00:00,2025-05-22T00:00:00,130.1205734
ORD507,Ana,BBQ,Grilled,Laguna,GCash,Cancelled,3,250.3409861,2025-05-22T00:00:00,2025-05-23T00:00:00,751.0229582
ORD508,Jose,Steak,Grilled,Cavite,Cash,Pending,3,428.2178591,2025-05-23T00:00:00,2025-05-24T00:00:00,1284.653577
ORD509,Juan,BBQ,Fast Food,Cavite,Card,Completed,3,102.8568327,2025-05-24T00:00:00,2025-05-25T00:00:00,308.5704981
ORD510,Pedro,Chicken,Fast Food,Cavite,Cash,Pending,1,282.6922372,2025-05-25T00:00:00,2025-05-26T00:00:00,282.6922372
ORD511,Ana,BBQ,Grilled,Cavite,Cash,Completed,4,231.6922461,2025-05-26T00:00:00,2025-05-27T00:00:00,926.7689845
ORD512,Juan,BBQ,Fried,Laguna,GCash,Cancelled,2,120.992684,2025-05-27T00:00:00,2025-05-28T00:00:00,241.9853681
ORD513,Ana,Burger,Fast Food,Laguna,Cash,Completed,3,280.0945147,2025-05-28T00:00:00,2025-05-29T00:00:00,840.283544
ORD514,Ana,Pork,Grilled,Manila,Card,Pending,1,201.8994829,2025-05-29T00:00:00,2025-05-30T00:00:00,201.8994829
ORD515,Pedro,Pork,Fried,Manila,Card,Pending,1,240.7539337,2025-05-30T00:00:00,2025-05-31T00:00:00,240.7539337
ORD516,Maria,Chicken,Fast Food,Laguna,GCash,Pending,2,382.2461219,2025-05-31T00:00:00,2025-06-01T00:00:00,764.4922438
ORD517,Jose,Chicken,Fried,Manila,Cash,Completed,3,308.6203936,2025-06-01T00:00:00,2025-06-02T00:00:00,925.8611807
ORD518,Jose,Pork,Fried,Laguna,Card,Pending,1,149.8589716,2025-06-02T00:00:00,2025-06-03T00:00:00,149.8589716
ORD519,Pedro,Burger,Fried,Manila,Cash,Pending,2,484.5658162,2025-06-03T00:00:00,2025-06-04T00:00:00,969.1316323
ORD520,Ana,Pork,Fried,Cavite,Cash,Pending,4,354.3643063,2025-06-04T00:00:00,2025-06-05T00:00:00,1417.457225
ORD521,Juan,Burger,Fast Food,Manila,Cash,Cancelled,4,406.3473703,2025-06-05T00:00:00,2025-06-06T00:00:00,1625.389481
ORD522,Ana,Chicken,Fast Food,Cavite,GCash,Cancelled,4,131.68526,2025-06-06T00:00:00,2025-06-07T00:00:00,526.74104
ORD523,Pedro,Steak,Fast Food,Cavite,Cash,Completed,3,118.8233518,2025-06-07T00:00:00,2025-06-08T00:00:00,356.4700554
ORD524,Jose,Chicken,Grilled,Cavite,Card,Completed,2,107.7792201,2025-06-08T00:00:00,2025-06-09T00:00:00,215.5584403
ORD525,Ana,Chicken,Fast Food,Cavite,Cash,Pending,2,175.5176111,2025-06-09T00:00:00,2025-06-10T00:00:00,351.0352222
ORD526,Jose,BBQ,Fried,Manila,Card,Cancelled,1,265.7633591,2025-06-10T00:00:00,2025-06-11T00:00:00,265.7633591
ORD527,Juan,BBQ,Fast Food,Laguna,Cash,Pending,1,474.3304534,2025-06-11T00:00:00,2025-06-12T00:00:00,474.3304534
ORD528,Jose,BBQ,Fried,Cavite,Card,Pending,1,282.8238637,2025-06-12T00:00:00,2025-06-13T00:00:00,282.8238637
ORD529,Jose,BBQ,Grilled,Manila,Card,Cancelled,2,216.1020421,2025-06-13T00:00:00,2025-06-14T00:00:00,432.2040843
ORD530,Maria,Burger,Fried,Cavite,Cash,Cancelled,1,324.7741014,2025-06-14T00:00:00,2025-06-15T00:00:00,324.7741014
ORD531,Maria,Pork,Fried,Manila,Cash,Cancelled,2,144.7738313,2025-06-15T00:00:00,2025-06-16T00:00:00,289.5476625
ORD532,Maria,Steak,Fried,Manila,Card,Completed,2,343.8023564,2025-06-16T00:00:00,2025-06-17T00:00:00,687.6047128
ORD533,Jose,Chicken,Grilled,Manila,GCash,Completed,4,327.3727817,2025-06-17T00:00:00,2025-06-18T00:00:00,1309.491127
ORD534,Pedro,Burger,Fast Food,Laguna,Cash,Pending,1,416.7972134,2025-06-18T00:00:00,2025-06-19T00:00:00,416.7972134
ORD535,Jose,Steak,Fast Food,Manila,GCash,Completed,4,494.6750446,2025-06-19T00:00:00,2025-06-20T00:00:00,1978.700179
ORD536,Pedro,Burger,Grilled,Manila,Cash,Cancelled,3,200.3493887,2025-06-20T00:00:00,2025-06-21T00:00:00,601.0481661
ORD537,Pedro,Burger,Fried,Laguna,Cash,Cancelled,3,303.8625803,2025-06-21T00:00:00,2025-06-22T00:00:00,911.587741
ORD538,Maria,Chicken,Fast Food,Laguna,Cash,Completed,3,463.5461625,2025-06-22T00:00:00,2025-06-23T00:00:00,1390.638488
ORD539,Ana,Pork,Grilled,Manila,Cash,Pending,2,414.0759538,2025-06-23T00:00:00,2025-06-24T00:00:00,828.1519075
ORD540,Juan,BBQ,Fast Food,Laguna,GCash,Pending,2,294.9625212,2025-06-24T00:00:00,2025-06-25T00:00:00,589.9250425
ORD541,Maria,Pork,Grilled,Cavite,Cash,Completed,2,478.1486598,2025-06-25T00:00:00,2025-06-26T00:00:00,956.2973197
ORD542,Maria,Chicken,Fried,Cavite,Card,Pending,1,122.8946774,2025-06-26T00:00:00,2025-06-27T00:00:00,122.8946774
ORD543,Ana,Chicken,Fast Food,Laguna,Card,Pending,4,472.3994479,2025-06-27T00:00:00,2025-06-28T00:00:00,1889.597792
ORD544,Juan,Chicken,Grilled,Laguna,GCash,Pending,2,120.202957,2025-06-28T00:00:00,2025-06-29T00:00:00,240.4059139
ORD545,Jose,Steak,Fast Food,Manila,Cash,Cancelled,4,318.9218976,2025-06-29T00:00:00,2025-06-30T00:00:00,1275.687591
ORD546,Jose,Pork,Fast Food,Laguna,Card,Cancelled,4,456.1763792,2025-06-30T00:00:00,2025-07-01T00:00:00,1824.705517
ORD547,Maria,Pork,Fast Food,Manila,GCash,Completed,4,205.0883774,2025-07-01T00:00:00,2025-07-02T00:00:00,820.3535097
ORD548,Juan,Burger,Fast Food,Cavite,Cash,Cancelled,1,288.8993996,2025-07-02T00:00:00,2025-07-03T00:00:00,288.8993996
ORD549,Maria,Burger,Grilled,Laguna,Card,Pending,1,229.7315517,2025-07-03T00:00:00,2025-07-04T00:00:00,229.7315517
ORD550,Pedro,Burger,Fried,Manila,Card,Cancelled,3,480.8575668,2025-07-04T00:00:00,2025-07-05T00:00:00,1442.5727
ORD551,Maria,Chicken,Grilled,Manila,GCash,Completed,3,429.4582379,2025-07-05T00:00:00,2025-07-06T00:00:00,1288.374714
ORD552,Maria,Pork,Grilled,Cavite,Cash,Cancelled,4,383.6006045,2025-07-06T00:00:00,2025-07-07T00:00:00,1534.402418
ORD553,Jose,Chicken,Grilled,Laguna,Cash,Pending,3,335.0507946,2025-07-07T00:00:00,2025-07-08T00:00:00,1005.152384
ORD554,Jose,Steak,Fried,Cavite,Card,Pending,4,428.2367157,2025-07-08T00:00:00,2025-07-09T00:00:00,1712.946863
ORD555,Jose,Burger,Fast Food,Manila,Card,Completed,1,256.9068166,2025-07-09T00:00:00,2025-07-10T00:00:00,256.9068166
ORD556,Pedro,Chicken,Fast Food,Manila,Card,Cancelled,1,279.020742,2025-07-10T00:00:00,2025-07-11T00:00:00,279.020742
ORD557,Jose,Chicken,Fast Food,Laguna,Cash,Cancelled,1,392.0006884,2025-07-11T00:00:00,2025-07-12T00:00:00,392.0006884
ORD558,Juan,Steak,Fried,Manila,GCash,Cancelled,2,243.1019053,2025-07-12T00:00:00,2025-07-13T00:00:00,486.2038106
ORD559,Ana,BBQ,Fast Food,Laguna,GCash,Pending,4,125.5603768,2025-07-13T00:00:00,2025-07-14T00:00:00,502.2415073
ORD560,Juan,Pork,Fried,Cavite,Cash,Completed,1,129.7338436,2025-07-14T00:00:00,2025-07-15T00:00:00,129.7338436
ORD561,Juan,BBQ,Fast Food,Laguna,GCash,Cancelled,4,146.1451205,2025-07-15T00:00:00,2025-07-16T00:00:00,584.5804821
ORD562,Jose,Burger,Fast Food,Laguna,Card,Pending,3,447.8725293,2025-07-16T00:00:00,2025-07-17T00:00:00,1343.617588
ORD563,Ana,Chicken,Grilled,Manila,GCash,Pending,3,288.8905703,2025-07-17T00:00:00,2025-07-18T00:00:00,866.6717109
ORD564,Ana,Steak,Fried,Manila,GCash,Pending,1,385.1529477,2025-07-18T00:00:00,2025-07-19T00:00:00,385.1529477
ORD565,Ana,Steak,Grilled,Laguna,GCash,Cancelled,4,257.1637342,2025-07-19T00:00:00,2025-07-20T00:00:00,1028.654937
ORD566,Pedro,Pork,Grilled,Manila,Card,Cancelled,1,203.484379,2025-07-20T00:00:00,2025-07-21T00:00:00,203.484379
ORD567,Jose,BBQ,Grilled,Manila,Cash,Cancelled,3,238.876867,2025-07-21T00:00:00,2025-07-22T00:00:00,716.6306011
ORD568,Ana,Pork,Fried,Manila,Card,Cancelled,1,417.6729381,2025-07-22T00:00:00,2025-07-23T00:00:00,417.6729381
ORD569,Pedro,Chicken,Fried,Laguna,Cash,Cancelled,4,350.08645,2025-07-23T00:00:00,2025-07-24T00:00:00,1400.3458
ORD570,Maria,Pork,Fast Food,Manila,Cash,Cancelled,3,475.055912,2025-07-24T00:00:00,2025-07-25T00:00:00,1425.167736
ORD571,Maria,Steak,Grilled,Laguna,Cash,Cancelled,2,371.8819114,2025-07-25T00:00:00,2025-07-26T00:00:00,743.7638229
ORD572,Pedro,Steak,Fast Food,Manila,GCash,Cancelled,3,328.0726527,2025-07-26T00:00:00,2025-07-27T00:00:00,984.2179581
ORD573,Pedro,Burger,Grilled,Cavite,GCash,Cancelled,2,344.0784036,2025-07-27T00:00:00,2025-07-28T00:00:00,688.1568072
ORD574,Jose,Burger,Fried,Manila,Cash,Pending,1,476.9485758,2025-07-28T00:00:00,2025-07-29T00:00:00,476.9485758
ORD575,Jose,Chicken,Fried,Manila,Cash,Cancelled,1,415.2803719,2025-07-29T00:00:00,2025-07-30T00:00:00,415.2803719
ORD576,Maria,BBQ,Fried,Laguna,GCash,Completed,4,109.6164949,2025-07-30T00:00:00,2025-07-31T00:00:00,438.4659798
ORD577,Ana,Pork,Grilled,Laguna,Card,Pending,2,313.6558785,2025-07-31T00:00:00,2025-08-01T00:00:00,627.3117569
ORD578,Maria,Chicken,Fried,Manila,Cash,Cancelled,1,375.3353646,2025-08-01T00:00:00,2025-08-02T00:00:00,375.3353646
ORD579,Ana,Burger,Grilled,Cavite,Card,Completed,2,399.4793914,2025-08-02T00:00:00,2025-08-03T00:00:00,798.9587828
ORD580,Ana,Pork,Fast Food,Manila,GCash,Cancelled,1,185.2568477,2025-08-03T00:00:00,2025-08-04T00:00:00,185.2568477
ORD581,Jose,Burger,Grilled,Manila,Cash,Completed,3,446.8709418,2025-08-04T00:00:00,2025-08-05T00:00:00,1340.612825
ORD582,Juan,Pork,Fast Food,Cavite,Card,Completed,1,482.3372589,2025-08-05T00:00:00,2025-08-06T00:00:00,482.3372589
ORD583,Juan,BBQ,Grilled,Laguna,Card,Completed,4,194.6861223,2025-08-06T00:00:00,2025-08-07T00:00:00,778.7444894
ORD584,Pedro,Chicken,Fast Food,Manila,Card,Completed,3,453.046183,2025-08-07T00:00:00,2025-08-08T00:00:00,1359.138549
ORD585,Jose,Pork,Fried,Laguna,GCash,Pending,4,138.791505,2025-08-08T00:00:00,2025-08-09T00:00:00,555.16602
ORD586,Ana,Steak,Fast Food,Laguna,GCash,Pending,3,122.2827344,2025-08-09T00:00:00,2025-08-10T00:00:00,366.8482033
ORD587,Juan,Steak,Fried,Cavite,Card,Completed,2,151.68952,2025-08-10T00:00:00,2025-08-11T00:00:00,303.3790401
ORD588,Ana,Pork,Fried,Cavite,Card,Cancelled,4,123.0964318,2025-08-11T00:00:00,2025-08-12T00:00:00,492.3857271
ORD589,Juan,Pork,Fast Food,Laguna,GCash,Completed,1,438.0048949,2025-08-12T00:00:00,2025-08-13T00:00:00,438.0048949
ORD590,Juan,Pork,Grilled,Manila,Card,Pending,2,123.6200578,2025-08-13T00:00:00,2025-08-14T00:00:00,247.2401156
ORD591,Juan,Steak,Grilled,Laguna,Card,Cancelled,1,208.6656765,2025-08-14T00:00:00,2025-08-15T00:00:00,208.6656765
ORD592,Jose,Steak,Grilled,Manila,GCash,Pending,3,141.5025374,2025-08-15T00:00:00,2025-08-16T00:00:00,424.5076122
ORD593,Maria,Pork,Grilled,Manila,Card,Pending,3,218.1688145,2025-08-16T00:00:00,2025-08-17T00:00:00,654.5064436
ORD594,Ana,Burger,Grilled,Cavite,Card,Cancelled,1,136.223787,2025-08-17T00:00:00,2025-08-18T00:00:00,136.223787
ORD595,Jose,Burger,Fried,Manila,Card,Completed,1,367.2013003,2025-08-18T00:00:00,2025-08-19T00:00:00,367.2013003
ORD596,Jose,BBQ,Grilled,Manila,GCash,Completed,2,153.3307265,2025-08-19T00:00:00,2025-08-20T00:00:00,306.6614531
ORD597,Jose,Chicken,Fried,Laguna,Card,Completed,1,440.7383703,2025-08-20T00:00:00,2025-08-21T00:00:00,440.7383703
ORD598,Jose,Burger,Fried,Cavite,GCash,Completed,4,426.8764203,2025-08-21T00:00:00,2025-08-22T00:00:00,1707.505681
ORD599,Jose,Steak,Fried,Manila,GCash,Cancelled,4,105.4646742,2025-08-22T00:00:00,2025-08-23T00:00:00,421.8586968
ORD600,Pedro,Burger,Fast Food,Manila,Cash,Cancelled,1,458.2905422,2025-08-23T00:00:00,2025-08-24T00:00:00,458.2905422
ORD601,Ana,BBQ,Fast Food,Cavite,Cash,Cancelled,4,111.5777267,2025-08-24T00:00:00,2025-08-25T00:00:00,446.3109068
ORD602,Jose,BBQ,Fried,Laguna,Card,Pending,1,195.858314,2025-08-25T00:00:00,2025-08-26T00:00:00,195.858314
ORD603,Ana,Chicken,Fast Food,Cavite,GCash,Cancelled,2,112.9556551,2025-08-26T00:00:00,2025-08-27T00:00:00,225.9113102
ORD604,Pedro,Burger,Grilled,Cavite,Cash,Completed,4,234.3373948,2025-08-27T00:00:00,2025-08-28T00:00:00,937.3495793
ORD605,Pedro,Steak,Grilled,Manila,Card,Pending,4,305.5466103,2025-08-28T00:00:00,2025-08-29T00:00:00,1222.186441
ORD606,Ana,Steak,Fried,Manila,Cash,Completed,1,418.6579476,2025-08-29T00:00:00,2025-08-30T00:00:00,418.6579476
ORD607,Juan,Pork,Grilled,Laguna,Cash,Completed,4,235.1926202,2025-08-30T00:00:00,2025-08-31T00:00:00,940.7704808
ORD608,Maria,Steak,Fried,Manila,GCash,Cancelled,3,382.1960099,2025-08-31T00:00:00,2025-09-01T00:00:00,1146.58803
ORD609,Juan,Chicken,Fried,Manila,GCash,Cancelled,2,175.0017828,2025-09-01T00:00:00,2025-09-02T00:00:00,350.0035657
ORD610,Juan,Chicken,Grilled,Cavite,Cash,Completed,2,400.2393827,2025-09-02T00:00:00,2025-09-03T00:00:00,800.4787654
ORD611,Juan,Steak,Fast Food,Manila,Cash,Completed,4,194.3986424,2025-09-03T00:00:00,2025-09-04T00:00:00,777.5945695
ORD612,Jose,Steak,Grilled,Laguna,GCash,Pending,4,157.4179024,2025-09-04T00:00:00,2025-09-05T00:00:00,629.6716095
ORD613,Pedro,Pork,Grilled,Cavite,Card,Cancelled,3,174.1635401,2025-09-05T00:00:00,2025-09-06T00:00:00,522.4906204
ORD614,Juan,Steak,Fried,Laguna,GCash,Pending,3,172.8252516,2025-09-06T00:00:00,2025-09-07T00:00:00,518.4757547
ORD615,Pedro,Pork,Fried,Cavite,Cash,Pending,4,305.1451518,2025-09-07T00:00:00,2025-09-08T00:00:00,1220.580607
ORD616,Ana,Pork,Fried,Manila,Card,Pending,4,437.9190325,2025-09-08T00:00:00,2025-09-09T00:00:00,1751.67613
ORD617,Maria,Steak,Fried,Cavite,Cash,Completed,3,131.8420308,2025-09-09T00:00:00,2025-09-10T00:00:00,395.5260924
ORD618,Ana,BBQ,Fast Food,Cavite,Card,Pending,1,382.7825274,2025-09-10T00:00:00,2025-09-11T00:00:00,382.7825274
ORD619,Ana,BBQ,Fast Food,Manila,Cash,Pending,3,361.7385839,2025-09-11T00:00:00,2025-09-12T00:00:00,1085.215752
ORD620,Jose,Pork,Fast Food,Manila,Card,Completed,1,449.0079807,2025-09-12T00:00:00,2025-09-13T00:00:00,449.0079807
ORD621,Maria,Steak,Fried,Laguna,Card,Cancelled,2,197.6590242,2025-09-13T00:00:00,2025-09-14T00:00:00,395.3180484
ORD622,Ana,BBQ,Fried,Laguna,Cash,Cancelled,2,280.0439435,2025-09-14T00:00:00,2025-09-15T00:00:00,560.0878869
ORD623,Ana,Steak,Fried,Manila,Card,Pending,3,470.3309498,2025-09-15T00:00:00,2025-09-16T00:00:00,1410.992849
ORD624,Maria,Steak,Fast Food,Manila,GCash,Completed,1,363.9973801,2025-09-16T00:00:00,2025-09-17T00:00:00,363.9973801
ORD625,Maria,Steak,Fried,Manila,Cash,Cancelled,3,255.5073651,2025-09-17T00:00:00,2025-09-18T00:00:00,766.5220954
ORD626,Ana,Burger,Grilled,Cavite,GCash,Pending,3,152.5649531,2025-09-18T00:00:00,2025-09-19T00:00:00,457.6948594
ORD627,Maria,Steak,Grilled,Cavite,Cash,Pending,1,204.9940032,2025-09-19T00:00:00,2025-09-20T00:00:00,204.9940032
ORD628,Ana,Burger,Fried,Cavite,Card,Completed,3,332.486191,2025-09-20T00:00:00,2025-09-21T00:00:00,997.458573
ORD629,Ana,Pork,Grilled,Manila,Card,Pending,2,387.267179,2025-09-21T00:00:00,2025-09-22T00:00:00,774.534358
ORD630,Jose,BBQ,Grilled,Laguna,Card,Cancelled,4,149.7687547,2025-09-22T00:00:00,2025-09-23T00:00:00,599.075019
ORD631,Juan,BBQ,Fast Food,Manila,Cash,Completed,4,339.838904,2025-09-23T00:00:00,2025-09-24T00:00:00,1359.355616
ORD632,Ana,BBQ,Fried,Cavite,GCash,Cancelled,3,320.1405115,2025-09-24T00:00:00,2025-09-25T00:00:00,960.4215346
ORD633,Pedro,BBQ,Fried,Cavite,GCash,Cancelled,1,305.5821787,2025-09-25T00:00:00,2025-09-26T00:00:00,305.5821787
ORD634,Juan,BBQ,Fast Food,Manila,Cash,Cancelled,1,376.0492471,2025-09-26T00:00:00,2025-09-27T00:00:00,376.0492471
ORD635,Juan,BBQ,Grilled,Manila,Cash,Pending,2,434.979838,2025-09-27T00:00:00,2025-09-28T00:00:00,869.9596761
ORD636,Juan,BBQ,Grilled,Cavite,GCash,Pending,1,229.1958733,2025-09-28T00:00:00,2025-09-29T00:00:00,229.1958733
ORD637,Jose,Pork,Fried,Cavite,GCash,Cancelled,1,455.604876,2025-09-29T00:00:00,2025-09-30T00:00:00,455.604876
ORD638,Ana,Steak,Grilled,Cavite,GCash,Cancelled,2,164.253445,2025-09-30T00:00:00,2025-10-01T00:00:00,328.5068901
ORD639,Jose,Chicken,Fast Food,Manila,GCash,Completed,3,169.2095479,2025-10-01T00:00:00,2025-10-02T00:00:00,507.6286437
ORD640,Ana,Burger,Fast Food,Cavite,Cash,Completed,4,206.7088254,2025-10-02T00:00:00,2025-10-03T00:00:00,826.8353018
ORD641,Jose,Chicken,Fried,Cavite,Cash,Pending,2,147.8123478,2025-10-03T00:00:00,2025-10-04T00:00:00,295.6246956
ORD642,Jose,Chicken,Fast Food,Laguna,Card,Pending,3,192.1276899,2025-10-04T00:00:00,2025-10-05T00:00:00,576.3830696
ORD643,Pedro,Steak,Fast Food,Manila,GCash,Completed,2,142.5647052,2025-10-05T00:00:00,2025-10-06T00:00:00,285.1294103
ORD644,Jose,Steak,Fried,Laguna,Card,Cancelled,3,428.7009668,2025-10-06T00:00:00,2025-10-07T00:00:00,1286.1029
ORD645,Maria,Steak,Fast Food,Laguna,Cash,Pending,2,155.5875968,2025-10-07T00:00:00,2025-10-08T00:00:00,311.1751935
ORD646,Pedro,BBQ,Fast Food,Cavite,Cash,Cancelled,3,398.919023,2025-10-08T00:00:00,2025-10-09T00:00:00,1196.757069
ORD647,Jose,Pork,Fast Food,Manila,Card,Completed,2,119.1655472,2025-10-09T00:00:00,2025-10-10T00:00:00,238.3310943
ORD648,Juan,BBQ,Grilled,Cavite,GCash,Pending,3,479.408131,2025-10-10T00:00:00,2025-10-11T00:00:00,1438.224393
ORD649,Maria,Pork,Fried,Manila,GCash,Pending,2,384.464035,2025-10-11T00:00:00,2025-10-12T00:00:00,768.92807
ORD650,Maria,Pork,Fried,Laguna,GCash,Completed,4,102.7186194,2025-10-12T00:00:00,2025-10-13T00:00:00,410.8744777
ORD651,Maria,Chicken,Fried,Manila,GCash,Pending,4,405.5426001,2025-10-13T00:00:00,2025-10-14T00:00:00,1622.1704
ORD652,Pedro,Chicken,Grilled,Cavite,Card,Completed,1,305.6327683,2025-10-14T00:00:00,2025-10-15T00:00:00,305.6327683
ORD653,Jose,Pork,Grilled,Cavite,Card,Pending,3,411.7460681,2025-10-15T00:00:00,2025-10-16T00:00:00,1235.238204
ORD654,Jose,Pork,Fried,Cavite,Cash,Completed,2,308.9987236,2025-10-16T00:00:00,2025-10-17T00:00:00,617.9974471
ORD655,Juan,BBQ,Grilled,Manila,GCash,Pending,3,356.4099431,2025-10-17T00:00:00,2025-10-18T00:00:00,1069.229829
ORD656,Juan,BBQ,Fried,Laguna,GCash,Cancelled,4,414.5326622,2025-10-18T00:00:00,2025-10-19T00:00:00,1658.130649
ORD657,Maria,Chicken,Grilled,Laguna,GCash,Cancelled,3,262.0432218,2025-10-19T00:00:00,2025-10-20T00:00:00,786.1296655
ORD658,Juan,Steak,Fast Food,Manila,Card,Cancelled,2,101.0832599,2025-10-20T00:00:00,2025-10-21T00:00:00,202.1665199
ORD659,Pedro,Pork,Fast Food,Cavite,GCash,Pending,3,439.9785984,2025-10-21T00:00:00,2025-10-22T00:00:00,1319.935795
ORD660,Jose,BBQ,Fried,Laguna,Card,Pending,2,252.356145,2025-10-22T00:00:00,2025-10-23T00:00:00,504.7122901
ORD661,Maria,Chicken,Grilled,Cavite,GCash,Cancelled,4,298.4170904,2025-10-23T00:00:00,2025-10-24T00:00:00,1193.668362
ORD662,Juan,BBQ,Grilled,Manila,GCash,Cancelled,4,103.1066569,2025-10-24T00:00:00,2025-10-25T00:00:00,412.4266274
ORD663,Pedro,Pork,Fast Food,Cavite,Cash,Completed,4,296.8368041,2025-10-25T00:00:00,2025-10-26T00:00:00,1187.347217
ORD664,Pedro,Pork,Fast Food,Laguna,GCash,Completed,1,494.5949606,2025-10-26T00:00:00,2025-10-27T00:00:00,494.5949606
ORD665,Juan,Burger,Grilled,Laguna,GCash,Completed,4,211.3070643,2025-10-27T00:00:00,2025-10-28T00:00:00,845.2282573
ORD666,Jose,Steak,Grilled,Cavite,Cash,Cancelled,3,258.1673081,2025-10-28T00:00:00,2025-10-29T00:00:00,774.5019243
ORD667,Juan,Burger,Grilled,Manila,Card,Cancelled,1,374.8759986,2025-10-29T00:00:00,2025-10-30T00:00:00,374.8759986
ORD668,Maria,Chicken,Grilled,Cavite,Card,Cancelled,4,425.917467,2025-10-30T00:00:00,2025-10-31T00:00:00,1703.669868
ORD669,Juan,BBQ,Grilled,Manila,GCash,Completed,3,266.9566496,2025-10-31T00:00:00,2025-11-01T00:00:00,800.8699488
ORD670,Pedro,Chicken,Grilled,Cavite,Card,Pending,3,223.8675482,2025-11-01T00:00:00,2025-11-02T00:00:00,671.6026445
ORD671,Juan,Pork,Fried,Laguna,GCash,Cancelled,3,475.13032,2025-11-02T00:00:00,2025-11-03T00:00:00,1425.39096
ORD672,Jose,Burger,Grilled,Manila,Cash,Pending,2,370.8579867,2025-11-03T00:00:00,2025-11-04T00:00:00,741.7159733
ORD673,Ana,Burger,Fast Food,Manila,Cash,Pending,1,147.6085218,2025-11-04T00:00:00,2025-11-05T00:00:00,147.6085218
ORD674,Juan,Burger,Fried,Manila,GCash,Pending,3,127.5711513,2025-11-05T00:00:00,2025-11-06T00:00:00,382.7134538
ORD675,Jose,Chicken,Grilled,Laguna,Cash,Completed,2,293.4199403,2025-11-06T00:00:00,2025-11-07T00:00:00,586.8398806
ORD676,Jose,Pork,Fast Food,Cavite,Cash,Pending,4,188.0360264,2025-11-07T00:00:00,2025-11-08T00:00:00,752.1441057
ORD677,Pedro,BBQ,Fried,Laguna,GCash,Cancelled,3,201.5939014,2025-11-08T00:00:00,2025-11-09T00:00:00,604.7817041
ORD678,Jose,BBQ,Fast Food,Manila,GCash,Completed,2,451.0768715,2025-11-09T00:00:00,2025-11-10T00:00:00,902.1537431
ORD679,Jose,Chicken,Grilled,Cavite,Cash,Cancelled,3,135.8264097,2025-11-10T00:00:00,2025-11-11T00:00:00,407.4792292
ORD680,Jose,Burger,Grilled,Laguna,Card,Cancelled,1,386.1456461,2025-11-11T00:00:00,2025-11-12T00:00:00,386.1456461
ORD681,Jose,Steak,Grilled,Manila,Card,Completed,1,208.4569014,2025-11-12T00:00:00,2025-11-13T00:00:00,208.4569014
ORD682,Maria,Chicken,Grilled,Manila,GCash,Cancelled,4,404.1312886,2025-11-13T00:00:00,2025-11-14T00:00:00,1616.525154
ORD683,Maria,Chicken,Fried,Laguna,GCash,Cancelled,3,388.9645538,2025-11-14T00:00:00,2025-11-15T00:00:00,1166.893661
ORD684,Pedro,Pork,Fried,Laguna,Card,Completed,2,102.9567606,2025-11-15T00:00:00,2025-11-16T00:00:00,205.9135212
ORD685,Juan,BBQ,Fast Food,Laguna,Cash,Cancelled,4,303.6541652,2025-11-16T00:00:00,2025-11-17T00:00:00,1214.616661
ORD686,Jose,Chicken,Grilled,Manila,Card,Pending,3,155.727793,2025-11-17T00:00:00,2025-11-18T00:00:00,467.1833789
ORD687,Juan,Chicken,Fast Food,Laguna,Card,Cancelled,4,446.4908122,2025-11-18T00:00:00,2025-11-19T00:00:00,1785.963249
ORD688,Juan,Burger,Fried,Manila,Card,Pending,2,448.6343531,2025-11-19T00:00:00,2025-11-20T00:00:00,897.2687063
ORD689,Pedro,Burger,Grilled,Laguna,Card,Cancelled,4,267.338323,2025-11-20T00:00:00,2025-11-21T00:00:00,1069.353292
ORD690,Jose,Steak,Grilled,Manila,GCash,Completed,4,277.7582474,2025-11-21T00:00:00,2025-11-22T00:00:00,1111.03299
ORD691,Jose,Pork,Fried,Manila,GCash,Completed,4,221.3131758,2025-11-22T00:00:00,2025-11-23T00:00:00,885.252703
ORD692,Ana,Steak,Fried,Cavite,Cash,Cancelled,3,386.6425196,2025-11-23T00:00:00,2025-11-24T00:00:00,1159.927559
ORD693,Juan,Burger,Fried,Laguna,Cash,Completed,2,243.4645452,2025-11-24T00:00:00,2025-11-25T00:00:00,486.9290904
ORD694,Juan,BBQ,Fried,Laguna,Cash,Cancelled,1,207.1169898,2025-11-25T00:00:00,2025-11-26T00:00:00,207.1169898
ORD695,Maria,Burger,Fried,Manila,Cash,Completed,3,272.8924238,2025-11-26T00:00:00,2025-11-27T00:00:00,818.6772714
ORD696,Ana,Pork,Grilled,Manila,Card,Pending,1,136.5950074,2025-11-27T00:00:00,2025-11-28T00:00:00,136.5950074
ORD697,Maria,Burger,Fried,Manila,GCash,Cancelled,1,398.6412819,2025-11-28T00:00:00,2025-11-29T00:00:00,398.6412819
ORD698,Maria,Pork,Grilled,Cavite,GCash,Pending,3,105.0385605,2025-11-29T00:00:00,2025-11-30T00:00:00,315.1156815
ORD699,Maria,Pork,Grilled,Cavite,Cash,Pending,3,357.7940246,2025-11-30T00:00:00,2025-12-01T00:00:00,1073.382074
ORD700,Pedro,Pork,Fried,Manila,Cash,Cancelled,2,173.1458107,2025-12-01T00:00:00,2025-12-02T00:00:00,346.2916214
ORD701,Pedro,Pork,Fried,Laguna,Card,Pending,2,192.9616185,2025-12-02T00:00:00,2025-12-03T00:00:00,385.923237
ORD702,Maria,Pork,Grilled,Laguna,Card,Cancelled,4,354.2527995,2025-12-03T00:00:00,2025-12-04T00:00:00,1417.011198
ORD703,Ana,BBQ,Fried,Cavite,Cash,Pending,1,497.1773863,2025-12-04T00:00:00,2025-12-05T00:00:00,497.1773863
ORD704,Juan,Steak,Fried,Cavite,GCash,Cancelled,2,411.0869956,2025-12-05T00:00:00,2025-12-06T00:00:00,822.1739913
ORD705,Ana,Chicken,Fried,Manila,GCash,Cancelled,4,190.3358529,2025-12-06T00:00:00,2025-12-07T00:00:00,761.3434116
ORD706,Jose,Steak,Fast Food,Laguna,GCash,Completed,2,170.409902,2025-12-07T00:00:00,2025-12-08T00:00:00,340.819804
ORD707,Pedro,Pork,Grilled,Manila,Cash,Cancelled,3,446.4931481,2025-12-08T00:00:00,2025-12-09T00:00:00,1339.479444
ORD708,Juan,BBQ,Fast Food,Cavite,GCash,Cancelled,2,277.6735792,2025-12-09T00:00:00,2025-12-10T00:00:00,555.3471583
ORD709,Juan,Burger,Fried,Laguna,Card,Pending,1,154.8211211,2025-12-10T00:00:00,2025-12-11T00:00:00,154.8211211
ORD710,Jose,BBQ,Fast Food,Laguna,Card,Cancelled,2,444.8845693,2025-12-11T00:00:00,2025-12-12T00:00:00,889.7691387
ORD711,Jose,Pork,Fried,Cavite,Cash,Completed,1,426.4369412,2025-12-12T00:00:00,2025-12-13T00:00:00,426.4369412
ORD712,Maria,BBQ,Fast Food,Manila,Card,Pending,3,493.5625456,2025-12-13T00:00:00,2025-12-14T00:00:00,1480.687637
ORD713,Pedro,BBQ,Fried,Manila,Cash,Pending,1,463.8974747,2025-12-14T00:00:00,2025-12-15T00:00:00,463.8974747
ORD714,Pedro,Pork,Fast Food,Laguna,GCash,Completed,2,440.7161355,2025-12-15T00:00:00,2025-12-16T00:00:00,881.4322709
ORD715,Ana,BBQ,Fast Food,Cavite,GCash,Pending,4,121.0297591,2025-12-16T00:00:00,2025-12-17T00:00:00,484.1190365
ORD716,Maria,Chicken,Fast Food,Laguna,GCash,Pending,3,141.7661478,2025-12-17T00:00:00,2025-12-18T00:00:00,425.2984434
ORD717,Maria,Chicken,Grilled,Cavite,Card,Pending,2,327.5932777,2025-12-18T00:00:00,2025-12-19T00:00:00,655.1865554
ORD718,Maria,BBQ,Fast Food,Manila,Cash,Pending,3,312.5916985,2025-12-19T00:00:00,2025-12-20T00:00:00,937.7750955
ORD719,Maria,Burger,Grilled,Cavite,GCash,Completed,3,283.1852858,2025-12-20T00:00:00,2025-12-21T00:00:00,849.5558574
ORD720,Pedro,Pork,Fried,Manila,Cash,Completed,2,258.7157302,2025-12-21T00:00:00,2025-12-22T00:00:00,517.4314603
ORD721,Pedro,Chicken,Fast Food,Cavite,GCash,Pending,2,272.4841939,2025-12-22T00:00:00,2025-12-23T00:00:00,544.9683879
ORD722,Maria,Burger,Fried,Laguna,Card,Pending,4,327.7191737,2025-12-23T00:00:00,2025-12-24T00:00:00,1310.876695
ORD723,Ana,BBQ,Fried,Manila,Card,Completed,3,100.830607,2025-12-24T00:00:00,2025-12-25T00:00:00,302.4918211
ORD724,Juan,Burger,Fast Food,Laguna,Cash,Completed,3,204.2835097,2025-12-25T00:00:00,2025-12-26T00:00:00,612.850529
ORD725,Juan,Steak,Grilled,Laguna,Card,Completed,2,307.3118883,2025-12-26T00:00:00,2025-12-27T00:00:00,614.6237766
ORD726,Ana,Chicken,Fast Food,Manila,Card,Pending,1,388.8864395,2025-12-27T00:00:00,2025-12-28T00:00:00,388.8864395
ORD727,Maria,BBQ,Fried,Manila,Cash,Pending,2,169.662677,2025-12-28T00:00:00,2025-12-29T00:00:00,339.3253539
ORD728,Pedro,Pork,Fried,Laguna,GCash,Cancelled,3,318.7524695,2025-12-29T00:00:00,2025-12-30T00:00:00,956.2574085
ORD729,Juan,BBQ,Fast Food,Laguna,Card,Completed,2,385.7838736,2025-12-30T00:00:00,2025-12-31T00:00:00,771.5677471
ORD730,Jose,Pork,Grilled,Laguna,Cash,Pending,4,277.8510632,2025-12-31T00:00:00,2026-01-01T00:00:00,1111.404253
ORD731,Jose,BBQ,Grilled,Laguna,Card,Completed,1,110.8324535,2026-01-01T00:00:00,2026-01-02T00:00:00,110.8324535
ORD732,Ana,Burger,Fried,Manila,Card,Pending,2,279.7072634,2026-01-02T00:00:00,2026-01-03T00:00:00,559.4145268
ORD733,Maria,Burger,Fried,Manila,Card,Completed,4,218.5779551,2026-01-03T00:00:00,2026-01-04T00:00:00,874.3118204
ORD734,Juan,Burger,Grilled,Laguna,Card,Pending,3,471.8598431,2026-01-04T00:00:00,2026-01-05T00:00:00,1415.579529
ORD735,Maria,Steak,Fast Food,Cavite,Cash,Cancelled,2,149.8453543,2026-01-05T00:00:00,2026-01-06T00:00:00,299.6907085
ORD736,Juan,Pork,Fried,Cavite,Cash,Cancelled,3,360.9903822,2026-01-06T00:00:00,2026-01-07T00:00:00,1082.971147
ORD737,Ana,Burger,Grilled,Manila,Cash,Completed,4,121.0879065,2026-01-07T00:00:00,2026-01-08T00:00:00,484.3516261
ORD738,Ana,Steak,Fried,Laguna,Card,Pending,3,278.4681751,2026-01-08T00:00:00,2026-01-09T00:00:00,835.4045254
ORD739,Jose,Pork,Fast Food,Laguna,Card,Pending,4,321.5917949,2026-01-09T00:00:00,2026-01-10T00:00:00,1286.36718
ORD740,Maria,BBQ,Grilled,Manila,Card,Completed,4,219.1819725,2026-01-10T00:00:00,2026-01-11T00:00:00,876.7278901
ORD741,Jose,Steak,Fried,Cavite,Cash,Pending,4,282.0302542,2026-01-11T00:00:00,2026-01-12T00:00:00,1128.121017
ORD742,Maria,Chicken,Fast Food,Cavite,Card,Completed,2,165.4215178,2026-01-12T00:00:00,2026-01-13T00:00:00,330.8430356
ORD743,Jose,Steak,Fried,Cavite,GCash,Pending,3,221.6495398,2026-01-13T00:00:00,2026-01-14T00:00:00,664.9486194
ORD744,Pedro,Steak,Fast Food,Manila,Card,Completed,3,348.44253,2026-01-14T00:00:00,2026-01-15T00:00:00,1045.32759
ORD745,Pedro,Pork,Fast Food,Cavite,GCash,Pending,1,220.7200223,2026-01-15T00:00:00,2026-01-16T00:00:00,220.7200223
ORD746,Pedro,BBQ,Grilled,Manila,Card,Completed,1,459.8972314,2026-01-16T00:00:00,2026-01-17T00:00:00,459.8972314
ORD747,Pedro,Chicken,Fast Food,Manila,Cash,Pending,1,351.3627831,2026-01-17T00:00:00,2026-01-18T00:00:00,351.3627831
ORD748,Juan,Burger,Fried,Laguna,Card,Cancelled,1,275.4596074,2026-01-18T00:00:00,2026-01-19T00:00:00,275.4596074
ORD749,Pedro,Burger,Fast Food,Cavite,GCash,Pending,3,115.5027742,2026-01-19T00:00:00,2026-01-20T00:00:00,346.5083227
ORD750,Ana,Steak,Fast Food,Manila,GCash,Completed,4,299.8193341,2026-01-20T00:00:00,2026-01-21T00:00:00,1199.277336
ORD751,Ana,Pork,Grilled,Cavite,Card,Cancelled,4,405.9104969,2026-01-21T00:00:00,2026-01-22T00:00:00,1623.641987
ORD752,Juan,Pork,Fast Food,Cavite,GCash,Pending,2,206.2230392,2026-01-22T00:00:00,2026-01-23T00:00:00,412.4460784
ORD753,Pedro,Burger,Fast Food,Laguna,GCash,Cancelled,4,422.7094279,2026-01-23T00:00:00,2026-01-24T00:00:00,1690.837711
ORD754,Pedro,Chicken,Fried,Cavite,Cash,Pending,3,200.7227064,2026-01-24T00:00:00,2026-01-25T00:00:00,602.1681193
ORD755,Pedro,BBQ,Grilled,Laguna,Card,Cancelled,3,429.4985552,2026-01-25T00:00:00,2026-01-26T00:00:00,1288.495666
ORD756,Jose,Chicken,Grilled,Manila,Card,Completed,3,134.1073366,2026-01-26T00:00:00,2026-01-27T00:00:00,402.3220099
ORD757,Maria,BBQ,Grilled,Cavite,Card,Pending,2,446.4734835,2026-01-27T00:00:00,2026-01-28T00:00:00,892.9469671
ORD758,Jose,Burger,Fast Food,Manila,GCash,Pending,1,299.6745804,2026-01-28T00:00:00,2026-01-29T00:00:00,299.6745804
ORD759,Maria,BBQ,Grilled,Cavite,Card,Completed,4,218.6150358,2026-01-29T00:00:00,2026-01-30T00:00:00,874.4601434
ORD760,Pedro,Pork,Fast Food,Manila,Card,Cancelled,3,206.0453002,2026-01-30T00:00:00,2026-01-31T00:00:00,618.1359005
ORD761,Pedro,Steak,Fast Food,Cavite,Cash,Completed,3,272.8042236,2026-01-31T00:00:00,2026-02-01T00:00:00,818.4126707
ORD762,Jose,Steak,Fried,Cavite,Cash,Completed,1,499.6197992,2026-02-01T00:00:00,2026-02-02T00:00:00,499.6197992
ORD763,Jose,Burger,Fried,Cavite,Cash,Cancelled,3,188.1309574,2026-02-02T00:00:00,2026-02-03T00:00:00,564.3928721
ORD764,Maria,Pork,Fried,Cavite,GCash,Completed,4,141.2866596,2026-02-03T00:00:00,2026-02-04T00:00:00,565.1466382
ORD765,Ana,Chicken,Fried,Cavite,Card,Pending,2,334.0140675,2026-02-04T00:00:00,2026-02-05T00:00:00,668.028135
ORD766,Maria,Pork,Fried,Cavite,Cash,Pending,3,295.4169866,2026-02-05T00:00:00,2026-02-06T00:00:00,886.2509597
ORD767,Jose,Steak,Fast Food,Cavite,Cash,Pending,4,309.6785084,2026-02-06T00:00:00,2026-02-07T00:00:00,1238.714034
ORD768,Jose,Steak,Fast Food,Cavite,Cash,Completed,3,366.774167,2026-02-07T00:00:00,2026-02-08T00:00:00,1100.322501
ORD769,Juan,Pork,Grilled,Cavite,Card,Pending,1,206.8576279,2026-02-08T00:00:00,2026-02-09T00:00:00,206.8576279
ORD770,Jose,Pork,Fast Food,Manila,Card,Pending,3,464.2659982,2026-02-09T00:00:00,2026-02-10T00:00:00,1392.797994
ORD771,Juan,Steak,Fast Food,Laguna,Card,Pending,3,274.2688264,2026-02-10T00:00:00,2026-02-11T00:00:00,822.8064793
ORD772,Ana,Chicken,Fried,Cavite,GCash,Pending,2,151.6344781,2026-02-11T00:00:00,2026-02-12T00:00:00,303.2689561
ORD773,Maria,Burger,Fast Food,Laguna,GCash,Pending,1,396.9195027,2026-02-12T00:00:00,2026-02-13T00:00:00,396.9195027
ORD774,Maria,Burger,Fried,Cavite,Cash,Pending,1,357.241741,2026-02-13T00:00:00,2026-02-14T00:00:00,357.241741
ORD775,Juan,Pork,Grilled,Cavite,Card,Completed,2,226.297361,2026-02-14T00:00:00,2026-02-15T00:00:00,452.594722
ORD776,Maria,Burger,Grilled,Manila,Cash,Pending,3,348.6074896,2026-02-15T00:00:00,2026-02-16T00:00:00,1045.822469
ORD777,Jose,Steak,Fast Food,Manila,Card,Pending,4,187.9447825,2026-02-16T00:00:00,2026-02-17T00:00:00,751.7791302
ORD778,Pedro,Steak,Grilled,Laguna,Card,Cancelled,1,277.9357437,2026-02-17T00:00:00,2026-02-18T00:00:00,277.9357437
ORD779,Juan,Pork,Fast Food,Manila,Card,Completed,1,459.7650089,2026-02-18T00:00:00,2026-02-19T00:00:00,459.7650089
ORD780,Maria,Pork,Grilled,Manila,GCash,Completed,3,153.4136933,2026-02-19T00:00:00,2026-02-20T00:00:00,460.2410798
ORD781,Juan,Pork,Fried,Laguna,GCash,Completed,3,254.67858,2026-02-20T00:00:00,2026-02-21T00:00:00,764.03574
ORD782,Juan,Chicken,Fried,Manila,Card,Completed,1,428.4569699,2026-02-21T00:00:00,2026-02-22T00:00:00,428.4569699
ORD783,Pedro,Burger,Fried,Cavite,Cash,Pending,3,487.7963598,2026-02-22T00:00:00,2026-02-23T00:00:00,1463.389079
ORD784,Jose,Pork,Fried,Laguna,Card,Pending,4,281.5704546,2026-02-23T00:00:00,2026-02-24T00:00:00,1126.281818
ORD785,Juan,BBQ,Fast Food,Laguna,Card,Cancelled,1,302.7998481,2026-02-24T00:00:00,2026-02-25T00:00:00,302.7998481
ORD786,Maria,BBQ,Grilled,Cavite,Cash,Cancelled,4,328.8687847,2026-02-25T00:00:00,2026-02-26T00:00:00,1315.475139
ORD787,Ana,Steak,Fast Food,Manila,Card,Completed,4,472.9392567,2026-02-26T00:00:00,2026-02-27T00:00:00,1891.757027
ORD788,Juan,Burger,Fried,Laguna,Cash,Cancelled,3,443.2827164,2026-02-27T00:00:00,2026-02-28T00:00:00,1329.848149
ORD789,Juan,Pork,Fast Food,Laguna,GCash,Cancelled,4,168.2404498,2026-02-28T00:00:00,2026-03-01T00:00:00,672.9617994
ORD790,Pedro,BBQ,Grilled,Cavite,GCash,Completed,3,274.7031271,2026-03-01T00:00:00,2026-03-02T00:00:00,824.1093814
ORD791,Jose,Burger,Fast Food,Cavite,Cash,Completed,2,285.6001713,2026-03-02T00:00:00,2026-03-03T00:00:00,571.2003426
ORD792,Ana,Steak,Grilled,Manila,GCash,Cancelled,3,415.6384447,2026-03-03T00:00:00,2026-03-04T00:00:00,1246.915334
ORD793,Maria,Chicken,Fast Food,Laguna,GCash,Pending,4,341.157153,2026-03-04T00:00:00,2026-03-05T00:00:00,1364.628612
ORD794,Ana,Burger,Grilled,Manila,Cash,Cancelled,2,361.6881848,2026-03-05T00:00:00,2026-03-06T00:00:00,723.3763696
ORD795,Maria,Burger,Grilled,Manila,GCash,Cancelled,3,499.2799631,2026-03-06T00:00:00,2026-03-07T00:00:00,1497.839889
ORD796,Jose,Chicken,Fried,Cavite,Card,Pending,4,129.9840174,2026-03-07T00:00:00,2026-03-08T00:00:00,519.9360696
ORD797,Maria,Burger,Grilled,Laguna,Card,Pending,1,189.2039294,2026-03-08T00:00:00,2026-03-09T00:00:00,189.2039294
ORD798,Pedro,Steak,Fried,Laguna,Cash,Completed,1,263.1583749,2026-03-09T00:00:00,2026-03-10T00:00:00,263.1583749
ORD799,Pedro,Steak,Fried,Laguna,GCash,Completed,3,239.1129612,2026-03-10T00:00:00,2026-03-11T00:00:00,717.3388837
ORD800,Pedro,Chicken,Fried,Cavite,Card,Cancelled,3,108.6582245,2026-03-11T00:00:00,2026-03-12T00:00:00,325.9746736
ORD801,Pedro,Pork,Fast Food,Cavite,Card,Pending,1,136.7110426,2026-03-12T00:00:00,2026-03-13T00:00:00,136.7110426
ORD802,Ana,BBQ,Fast Food,Cavite,GCash,Completed,4,372.3813166,2026-03-13T00:00:00,2026-03-14T00:00:00,1489.525266
ORD803,Jose,Pork,Fast Food,Cavite,GCash,Cancelled,4,451.7297853,2026-03-14T00:00:00,2026-03-15T00:00:00,1806.919141
ORD804,Maria,Burger,Fast Food,Cavite,Card,Pending,4,305.6908045,2026-03-15T00:00:00,2026-03-16T00:00:00,1222.763218
ORD805,Maria,BBQ,Grilled,Laguna,Card,Cancelled,3,315.6764318,2026-03-16T00:00:00,2026-03-17T00:00:00,947.0292954
ORD806,Pedro,Chicken,Grilled,Manila,Cash,Completed,2,202.0373731,2026-03-17T00:00:00,2026-03-18T00:00:00,404.0747463
ORD807,Pedro,Chicken,Fast Food,Laguna,Cash,Completed,2,407.1505455,2026-03-18T00:00:00,2026-03-19T00:00:00,814.3010909
ORD808,Juan,BBQ,Grilled,Manila,Card,Pending,2,400.7178349,2026-03-19T00:00:00,2026-03-20T00:00:00,801.4356699
ORD809,Jose,Steak,Grilled,Cavite,Cash,Cancelled,2,335.3462757,2026-03-20T00:00:00,2026-03-21T00:00:00,670.6925514
ORD810,Ana,BBQ,Fried,Manila,Card,Pending,2,185.0657146,2026-03-21T00:00:00,2026-03-22T00:00:00,370.1314292
ORD811,Maria,Burger,Fried,Laguna,Card,Completed,3,138.8072873,2026-03-22T00:00:00,2026-03-23T00:00:00,416.4218619
ORD812,Juan,Steak,Fried,Laguna,Cash,Completed,3,125.6954303,2026-03-23T00:00:00,2026-03-24T00:00:00,377.086291
ORD813,Juan,Chicken,Fried,Manila,Cash,Cancelled,2,337.0784267,2026-03-24T00:00:00,2026-03-25T00:00:00,674.1568533
ORD814,Maria,BBQ,Grilled,Cavite,GCash,Cancelled,3,430.0141277,2026-03-25T00:00:00,2026-03-26T00:00:00,1290.042383
ORD815,Ana,Pork,Fast Food,Cavite,GCash,Cancelled,3,443.3321727,2026-03-26T00:00:00,2026-03-27T00:00:00,1329.996518
ORD816,Juan,Pork,Grilled,Laguna,GCash,Pending,2,285.4488297,2026-03-27T00:00:00,2026-03-28T00:00:00,570.8976595
ORD817,Juan,Burger,Grilled,Manila,Card,Cancelled,4,413.7085197,2026-03-28T00:00:00,2026-03-29T00:00:00,1654.834079
ORD818,Jose,Pork,Grilled,Cavite,Cash,Cancelled,3,478.7520785,2026-03-29T00:00:00,2026-03-30T00:00:00,1436.256236
ORD819,Ana,BBQ,Fried,Cavite,Card,Completed,4,210.068045,2026-03-30T00:00:00,2026-03-31T00:00:00,840.27218
ORD820,Juan,BBQ,Fried,Laguna,Cash,Completed,3,259.1841386,2026-03-31T00:00:00,2026-04-01T00:00:00,777.5524157
ORD821,Ana,Pork,Fried,Cavite,Card,Cancelled,3,472.591597,2026-04-01T00:00:00,2026-04-02T00:00:00,1417.774791
ORD822,Maria,BBQ,Fast Food,Manila,GCash,Cancelled,2,235.2923869,2026-04-02T00:00:00,2026-04-03T00:00:00,470.5847739
ORD823,Pedro,Burger,Grilled,Laguna,GCash,Completed,3,465.5505161,2026-04-03T00:00:00,2026-04-04T00:00:00,1396.651548
ORD824,Juan,Steak,Fast Food,Laguna,GCash,Cancelled,1,492.4179449,2026-04-04T00:00:00,2026-04-05T00:00:00,492.4179449
ORD825,Jose,Burger,Fried,Manila,Card,Pending,1,364.7242914,2026-04-05T00:00:00,2026-04-06T00:00:00,364.7242914
ORD826,Maria,Burger,Fast Food,Laguna,Cash,Pending,2,426.7561158,2026-04-06T00:00:00,2026-04-07T00:00:00,853.5122316
ORD827,Ana,BBQ,Grilled,Cavite,Cash,Pending,4,399.8182257,2026-04-07T00:00:00,2026-04-08T00:00:00,1599.272903
ORD828,Maria,Steak,Grilled,Cavite,GCash,Cancelled,4,379.813703,2026-04-08T00:00:00,2026-04-09T00:00:00,1519.254812
ORD829,Juan,BBQ,Fried,Manila,GCash,Completed,4,222.7724292,2026-04-09T00:00:00,2026-04-10T00:00:00,891.0897168
ORD830,Ana,Chicken,Fried,Cavite,GCash,Cancelled,1,122.8377352,2026-04-10T00:00:00,2026-04-11T00:00:00,122.8377352
ORD831,Pedro,BBQ,Fast Food,Manila,GCash,Cancelled,4,237.220693,2026-04-11T00:00:00,2026-04-12T00:00:00,948.882772
ORD832,Maria,BBQ,Fried,Manila,Cash,Completed,4,366.7743941,2026-04-12T00:00:00,2026-04-13T00:00:00,1467.097576
ORD833,Juan,BBQ,Fried,Cavite,Card,Completed,2,141.0116793,2026-04-13T00:00:00,2026-04-14T00:00:00,282.0233586
ORD834,Jose,Steak,Grilled,Manila,Card,Completed,4,104.7671932,2026-04-14T00:00:00,2026-04-15T00:00:00,419.0687728
ORD835,Ana,BBQ,Fried,Cavite,Card,Pending,1,155.876949,2026-04-15T00:00:00,2026-04-16T00:00:00,155.876949
ORD836,Maria,Steak,Fried,Laguna,Card,Cancelled,1,386.2943706,2026-04-16T00:00:00,2026-04-17T00:00:00,386.2943706
ORD837,Maria,Pork,Grilled,Laguna,GCash,Completed,1,489.1174807,2026-04-17T00:00:00,2026-04-18T00:00:00,489.1174807
ORD838,Pedro,Chicken,Grilled,Manila,GCash,Cancelled,2,493.2258798,2026-04-18T00:00:00,2026-04-19T00:00:00,986.4517597
ORD839,Pedro,Steak,Fast Food,Cavite,GCash,Pending,2,297.5916597,2026-04-19T00:00:00,2026-04-20T00:00:00,595.1833193
ORD840,Jose,Pork,Fried,Cavite,Card,Pending,3,447.7409204,2026-04-20T00:00:00,2026-04-21T00:00:00,1343.222761
ORD841,Jose,Steak,Grilled,Laguna,GCash,Completed,4,394.7305823,2026-04-21T00:00:00,2026-04-22T00:00:00,1578.922329
ORD842,Juan,Steak,Fast Food,Laguna,GCash,Completed,2,300.4160948,2026-04-22T00:00:00,2026-04-23T00:00:00,600.8321896
ORD843,Juan,Chicken,Fast Food,Cavite,Cash,Cancelled,1,329.1042132,2026-04-23T00:00:00,2026-04-24T00:00:00,329.1042132
ORD844,Jose,Burger,Fried,Manila,Cash,Completed,1,154.8908586,2026-04-24T00:00:00,2026-04-25T00:00:00,154.8908586
ORD845,Jose,Burger,Fried,Laguna,GCash,Cancelled,2,475.0645842,2026-04-25T00:00:00,2026-04-26T00:00:00,950.1291685
ORD846,Ana,Steak,Fast Food,Manila,Cash,Completed,2,240.7719083,2026-04-26T00:00:00,2026-04-27T00:00:00,481.5438166
ORD847,Pedro,BBQ,Grilled,Manila,Cash,Cancelled,2,278.4597026,2026-04-27T00:00:00,2026-04-28T00:00:00,556.9194052
ORD848,Juan,Pork,Fast Food,Laguna,GCash,Cancelled,3,368.6640924,2026-04-28T00:00:00,2026-04-29T00:00:00,1105.992277
ORD849,Pedro,BBQ,Fried,Manila,GCash,Cancelled,1,233.5609886,2026-04-29T00:00:00,2026-04-30T00:00:00,233.5609886
ORD850,Pedro,BBQ,Grilled,Manila,GCash,Cancelled,3,201.7036644,2026-04-30T00:00:00,2026-05-01T00:00:00,605.1109932
ORD851,Jose,Steak,Grilled,Cavite,GCash,Pending,3,352.4197573,2026-05-01T00:00:00,2026-05-02T00:00:00,1057.259272
ORD852,Ana,Steak,Fast Food,Manila,Card,Cancelled,4,109.9936329,2026-05-02T00:00:00,2026-05-03T00:00:00,439.9745317
ORD853,Maria,Steak,Fried,Cavite,Card,Completed,1,388.2900448,2026-05-03T00:00:00,2026-05-04T00:00:00,388.2900448
ORD854,Ana,Steak,Fast Food,Laguna,GCash,Pending,1,305.609348,2026-05-04T00:00:00,2026-05-05T00:00:00,305.609348
ORD855,Ana,Burger,Fast Food,Laguna,Cash,Pending,2,342.3014922,2026-05-05T00:00:00,2026-05-06T00:00:00,684.6029844
ORD856,Pedro,Steak,Fast Food,Cavite,GCash,Cancelled,2,352.7520637,2026-05-06T00:00:00,2026-05-07T00:00:00,705.5041274
ORD857,Ana,Burger,Grilled,Laguna,GCash,Pending,4,310.8200626,2026-05-07T00:00:00,2026-05-08T00:00:00,1243.28025
ORD858,Juan,Burger,Grilled,Manila,Cash,Cancelled,3,333.013511,2026-05-08T00:00:00,2026-05-09T00:00:00,999.0405329
ORD859,Pedro,Steak,Fried,Manila,Card,Completed,2,373.5152804,2026-05-09T00:00:00,2026-05-10T00:00:00,747.0305607
ORD860,Juan,Chicken,Fried,Manila,GCash,Cancelled,2,401.2475389,2026-05-10T00:00:00,2026-05-11T00:00:00,802.4950777
ORD861,Maria,Pork,Fast Food,Laguna,GCash,Pending,1,390.9809565,2026-05-11T00:00:00,2026-05-12T00:00:00,390.9809565
ORD862,Pedro,BBQ,Fast Food,Manila,Card,Completed,1,447.8465831,2026-05-12T00:00:00,2026-05-13T00:00:00,447.8465831
ORD863,Maria,Burger,Fast Food,Laguna,Card,Cancelled,2,175.7773733,2026-05-13T00:00:00,2026-05-14T00:00:00,351.5547465
ORD864,Pedro,Pork,Fried,Manila,Cash,Completed,1,260.4591878,2026-05-14T00:00:00,2026-05-15T00:00:00,260.4591878
ORD865,Jose,Chicken,Grilled,Cavite,Card,Completed,4,479.1184264,2026-05-15T00:00:00,2026-05-16T00:00:00,1916.473706
ORD866,Ana,BBQ,Grilled,Laguna,Card,Pending,2,258.6362298,2026-05-16T00:00:00,2026-05-17T00:00:00,517.2724595
ORD867,Jose,BBQ,Fast Food,Laguna,Card,Completed,1,149.9480308,2026-05-17T00:00:00,2026-05-18T00:00:00,149.9480308
ORD868,Maria,Burger,Fast Food,Manila,Cash,Pending,4,310.1780505,2026-05-18T00:00:00,2026-05-19T00:00:00,1240.712202
ORD869,Ana,Steak,Fast Food,Laguna,Card,Completed,1,143.796389,2026-05-19T00:00:00,2026-05-20T00:00:00,143.796389
ORD870,Pedro,Chicken,Fast Food,Laguna,Card,Cancelled,1,181.1412955,2026-05-20T00:00:00,2026-05-21T00:00:00,181.1412955
ORD871,Ana,Burger,Fried,Cavite,Cash,Completed,1,499.3275026,2026-05-21T00:00:00,2026-05-22T00:00:00,499.3275026
ORD872,Juan,Chicken,Grilled,Cavite,Card,Cancelled,2,316.5450554,2026-05-22T00:00:00,2026-05-23T00:00:00,633.0901107
ORD873,Ana,Steak,Fast Food,Manila,Card,Cancelled,3,213.6233556,2026-05-23T00:00:00,2026-05-24T00:00:00,640.8700668
ORD874,Juan,Steak,Fried,Cavite,Cash,Completed,1,497.9099818,2026-05-24T00:00:00,2026-05-25T00:00:00,497.9099818
ORD875,Ana,Burger,Fast Food,Manila,GCash,Cancelled,4,486.6235674,2026-05-25T00:00:00,2026-05-26T00:00:00,1946.49427
ORD876,Juan,Steak,Fast Food,Manila,Cash,Completed,2,276.2956164,2026-05-26T00:00:00,2026-05-27T00:00:00,552.5912329
ORD877,Maria,Pork,Grilled,Manila,Card,Completed,2,204.1612435,2026-05-27T00:00:00,2026-05-28T00:00:00,408.322487
ORD878,Jose,BBQ,Fast Food,Laguna,Card,Cancelled,4,435.3598552,2026-05-28T00:00:00,2026-05-29T00:00:00,1741.439421
ORD879,Pedro,Burger,Grilled,Cavite,Card,Cancelled,1,386.2482868,2026-05-29T00:00:00,2026-05-30T00:00:00,386.2482868
ORD880,Ana,Chicken,Grilled,Manila,Cash,Pending,3,374.776574,2026-05-30T00:00:00,2026-05-31T00:00:00,1124.329722
ORD881,Jose,Pork,Grilled,Cavite,Card,Cancelled,1,457.2454965,2026-05-31T00:00:00,2026-06-01T00:00:00,457.2454965
ORD882,Pedro,Burger,Fried,Manila,Card,Pending,4,375.7668535,2026-06-01T00:00:00,2026-06-02T00:00:00,1503.067414
ORD883,Pedro,Steak,Fried,Cavite,Cash,Cancelled,2,213.5191772,2026-06-02T00:00:00,2026-06-03T00:00:00,427.0383544
ORD884,Juan,Steak,Grilled,Cavite,GCash,Completed,3,377.5452648,2026-06-03T00:00:00,2026-06-04T00:00:00,1132.635794
ORD885,Maria,Steak,Fast Food,Manila,GCash,Cancelled,2,222.3254045,2026-06-04T00:00:00,2026-06-05T00:00:00,444.650809
ORD886,Maria,Steak,Grilled,Laguna,Card,Completed,4,403.6955919,2026-06-05T00:00:00,2026-06-06T00:00:00,1614.782367
ORD887,Jose,Chicken,Fast Food,Cavite,Cash,Completed,1,347.8991418,2026-06-06T00:00:00,2026-06-07T00:00:00,347.8991418
ORD888,Maria,Pork,Grilled,Laguna,Card,Completed,3,130.9646208,2026-06-07T00:00:00,2026-06-08T00:00:00,392.8938624
ORD889,Ana,BBQ,Fast Food,Laguna,Cash,Pending,2,305.134145,2026-06-08T00:00:00,2026-06-09T00:00:00,610.2682899
ORD890,Maria,Chicken,Fried,Manila,Cash,Cancelled,2,237.3203877,2026-06-09T00:00:00,2026-06-10T00:00:00,474.6407754
ORD891,Jose,Chicken,Fast Food,Manila,GCash,Completed,2,231.4282531,2026-06-10T00:00:00,2026-06-11T00:00:00,462.8565062
ORD892,Maria,BBQ,Grilled,Manila,GCash,Completed,1,340.902521,2026-06-11T00:00:00,2026-06-12T00:00:00,340.902521
ORD893,Ana,BBQ,Fried,Cavite,Cash,Pending,3,228.9299298,2026-06-12T00:00:00,2026-06-13T00:00:00,686.7897894
ORD894,Juan,Steak,Fast Food,Manila,Card,Cancelled,1,410.7574993,2026-06-13T00:00:00,2026-06-14T00:00:00,410.7574993
ORD895,Jose,Chicken,Fast Food,Manila,GCash,Cancelled,1,128.3165744,2026-06-14T00:00:00,2026-06-15T00:00:00,128.3165744
ORD896,Juan,Burger,Fast Food,Cavite,Card,Pending,1,364.155301,2026-06-15T00:00:00,2026-06-16T00:00:00,364.155301
ORD897,Juan,BBQ,Fast Food,Cavite,GCash,Pending,4,423.6779215,2026-06-16T00:00:00,2026-06-17T00:00:00,1694.711686
ORD898,Juan,BBQ,Fast Food,Manila,GCash,Cancelled,4,369.132676,2026-06-17T00:00:00,2026-06-18T00:00:00,1476.530704
ORD899,Pedro,Pork,Fried,Manila,Card,Pending,4,298.891678,2026-06-18T00:00:00,2026-06-19T00:00:00,1195.566712
ORD900,Pedro,Burger,Fried,Manila,GCash,Cancelled,3,480.1228055,2026-06-19T00:00:00,2026-06-20T00:00:00,1440.368416
ORD901,Juan,Burger,Fried,Manila,GCash,Cancelled,1,219.9753959,2026-06-20T00:00:00,2026-06-21T00:00:00,219.9753959
ORD902,Jose,BBQ,Fried,Laguna,Card,Completed,1,107.667155,2026-06-21T00:00:00,2026-06-22T00:00:00,107.667155
ORD903,Ana,Steak,Grilled,Laguna,GCash,Completed,4,272.7957486,2026-06-22T00:00:00,2026-06-23T00:00:00,1091.182994
ORD904,Ana,Pork,Fried,Manila,GCash,Cancelled,1,113.2047744,2026-06-23T00:00:00,2026-06-24T00:00:00,113.2047744
ORD905,Maria,Burger,Fast Food,Laguna,GCash,Cancelled,1,481.574701,2026-06-24T00:00:00,2026-06-25T00:00:00,481.574701
ORD906,Jose,BBQ,Fast Food,Cavite,Card,Cancelled,2,183.9672183,2026-06-25T00:00:00,2026-06-26T00:00:00,367.9344366
ORD907,Pedro,Burger,Fried,Laguna,Cash,Cancelled,1,415.5708096,2026-06-26T00:00:00,2026-06-27T00:00:00,415.5708096
ORD908,Juan,Pork,Fast Food,Laguna,Card,Cancelled,2,409.8288333,2026-06-27T00:00:00,2026-06-28T00:00:00,819.6576665
ORD909,Maria,Pork,Fried,Manila,Cash,Cancelled,1,187.0915599,2026-06-28T00:00:00,2026-06-29T00:00:00,187.0915599
ORD910,Ana,Chicken,Fast Food,Laguna,GCash,Pending,3,348.4906122,2026-06-29T00:00:00,2026-06-30T00:00:00,1045.471837
ORD911,Pedro,BBQ,Grilled,Laguna,Cash,Cancelled,4,119.2315874,2026-06-30T00:00:00,2026-07-01T00:00:00,476.9263496
ORD912,Pedro,Pork,Grilled,Laguna,Card,Pending,2,293.4298343,2026-07-01T00:00:00,2026-07-02T00:00:00,586.8596686
ORD913,Juan,Chicken,Fried,Laguna,Card,Pending,4,105.8588509,2026-07-02T00:00:00,2026-07-03T00:00:00,423.4354036
ORD914,Ana,Chicken,Fried,Cavite,GCash,Cancelled,2,468.4575521,2026-07-03T00:00:00,2026-07-04T00:00:00,936.9151041
ORD915,Jose,Burger,Fried,Manila,Cash,Cancelled,2,490.4344097,2026-07-04T00:00:00,2026-07-05T00:00:00,980.8688194
ORD916,Pedro,Burger,Fast Food,Manila,GCash,Pending,2,188.9131067,2026-07-05T00:00:00,2026-07-06T00:00:00,377.8262133
ORD917,Juan,Chicken,Fried,Cavite,GCash,Pending,3,183.2424138,2026-07-06T00:00:00,2026-07-07T00:00:00,549.7272415
ORD918,Jose,Burger,Grilled,Laguna,Card,Cancelled,1,401.4880706,2026-07-07T00:00:00,2026-07-08T00:00:00,401.4880706
ORD919,Ana,Pork,Fast Food,Cavite,Cash,Cancelled,2,201.3517595,2026-07-08T00:00:00,2026-07-09T00:00:00,402.7035191
ORD920,Pedro,Steak,Fried,Laguna,Cash,Pending,3,458.0306237,2026-07-09T00:00:00,2026-07-10T00:00:00,1374.091871
ORD921,Jose,Pork,Fast Food,Cavite,Cash,Pending,2,329.5716544,2026-07-10T00:00:00,2026-07-11T00:00:00,659.1433089
ORD922,Jose,Chicken,Fast Food,Manila,Cash,Pending,1,240.3110492,2026-07-11T00:00:00,2026-07-12T00:00:00,240.3110492
ORD923,Jose,Chicken,Fried,Manila,GCash,Completed,2,433.0774985,2026-07-12T00:00:00,2026-07-13T00:00:00,866.1549971
ORD924,Pedro,Pork,Fast Food,Manila,GCash,Pending,3,297.3626802,2026-07-13T00:00:00,2026-07-14T00:00:00,892.0880405
ORD925,Pedro,Burger,Grilled,Laguna,Card,Completed,1,464.6531655,2026-07-14T00:00:00,2026-07-15T00:00:00,464.6531655
ORD926,Maria,Burger,Grilled,Laguna,GCash,Cancelled,3,471.2056947,2026-07-15T00:00:00,2026-07-16T00:00:00,1413.617084
ORD927,Ana,Chicken,Fast Food,Cavite,GCash,Cancelled,1,166.1680609,2026-07-16T00:00:00,2026-07-17T00:00:00,166.1680609
ORD928,Juan,BBQ,Fried,Cavite,Card,Pending,1,100.9293625,2026-07-17T00:00:00,2026-07-18T00:00:00,100.9293625
ORD929,Jose,Burger,Fast Food,Manila,Card,Cancelled,4,493.5723761,2026-07-18T00:00:00,2026-07-19T00:00:00,1974.289504
ORD930,Maria,Pork,Grilled,Laguna,Card,Cancelled,4,462.4550145,2026-07-19T00:00:00,2026-07-20T00:00:00,1849.820058
ORD931,Juan,Burger,Fast Food,Cavite,GCash,Cancelled,4,122.1780943,2026-07-20T00:00:00,2026-07-21T00:00:00,488.7123771
ORD932,Maria,Pork,Fast Food,Laguna,GCash,Cancelled,1,433.2137056,2026-07-21T00:00:00,2026-07-22T00:00:00,433.2137056
ORD933,Pedro,Chicken,Grilled,Laguna,Card,Completed,2,283.121973,2026-07-22T00:00:00,2026-07-23T00:00:00,566.243946
ORD934,Jose,Burger,Fast Food,Manila,Card,Completed,3,203.584642,2026-07-23T00:00:00,2026-07-24T00:00:00,610.753926
ORD935,Juan,Pork,Fast Food,Manila,Card,Pending,3,451.4986095,2026-07-24T00:00:00,2026-07-25T00:00:00,1354.495828
ORD936,Juan,Chicken,Fried,Laguna,GCash,Pending,3,178.666893,2026-07-25T00:00:00,2026-07-26T00:00:00,536.0006789
ORD937,Juan,BBQ,Fried,Laguna,GCash,Pending,4,478.9199998,2026-07-26T00:00:00,2026-07-27T00:00:00,1915.679999
ORD938,Juan,Pork,Grilled,Laguna,Cash,Cancelled,1,182.2485951,2026-07-27T00:00:00,2026-07-28T00:00:00,182.2485951
ORD939,Juan,BBQ,Grilled,Laguna,GCash,Cancelled,4,345.4732751,2026-07-28T00:00:00,2026-07-29T00:00:00,1381.8931
ORD940,Maria,BBQ,Grilled,Manila,GCash,Completed,2,189.2345338,2026-07-29T00:00:00,2026-07-30T00:00:00,378.4690676
ORD941,Jose,Steak,Fried,Cavite,GCash,Completed,1,318.267466,2026-07-30T00:00:00,2026-07-31T00:00:00,318.267466
ORD942,Pedro,Burger,Grilled,Manila,Card,Pending,3,373.590052,2026-07-31T00:00:00,2026-08-01T00:00:00,1120.770156
ORD943,Pedro,Pork,Grilled,Cavite,GCash,Completed,4,176.0911723,2026-08-01T00:00:00,2026-08-02T00:00:00,704.3646893
ORD944,Pedro,BBQ,Grilled,Laguna,Card,Completed,4,308.3543131,2026-08-02T00:00:00,2026-08-03T00:00:00,1233.417252
ORD945,Pedro,Steak,Fried,Cavite,Cash,Completed,2,287.6238978,2026-08-03T00:00:00,2026-08-04T00:00:00,575.2477955
ORD946,Maria,Chicken,Fast Food,Manila,Cash,Completed,2,128.4149686,2026-08-04T00:00:00,2026-08-05T00:00:00,256.8299371
ORD947,Ana,Pork,Grilled,Manila,Card,Completed,4,427.3231271,2026-08-05T00:00:00,2026-08-06T00:00:00,1709.292508
ORD948,Jose,BBQ,Fast Food,Laguna,Card,Pending,2,234.2729603,2026-08-06T00:00:00,2026-08-07T00:00:00,468.5459205
ORD949,Juan,Burger,Grilled,Manila,Card,Pending,3,329.832879,2026-08-07T00:00:00,2026-08-08T00:00:00,989.4986371
ORD950,Ana,Steak,Fast Food,Laguna,GCash,Completed,2,305.913694,2026-08-08T00:00:00,2026-08-09T00:00:00,611.8273879
ORD951,Pedro,BBQ,Fried,Manila,Cash,Pending,2,305.3042018,2026-08-09T00:00:00,2026-08-10T00:00:00,610.6084037
ORD952,Ana,Burger,Fried,Manila,Card,Cancelled,4,142.8889577,2026-08-10T00:00:00,2026-08-11T00:00:00,571.5558307
ORD953,Jose,BBQ,Grilled,Laguna,GCash,Completed,4,269.3928037,2026-08-11T00:00:00,2026-08-12T00:00:00,1077.571215
ORD954,Juan,Pork,Fast Food,Cavite,Cash,Cancelled,1,280.9467037,2026-08-12T00:00:00,2026-08-13T00:00:00,280.9467037
ORD955,Juan,Pork,Fried,Manila,GCash,Pending,1,393.4571361,2026-08-13T00:00:00,2026-08-14T00:00:00,393.4571361
ORD956,Jose,Pork,Grilled,Cavite,Cash,Pending,4,436.0075328,2026-08-14T00:00:00,2026-08-15T00:00:00,1744.030131
ORD957,Jose,Steak,Grilled,Manila,GCash,Cancelled,2,317.9929112,2026-08-15T00:00:00,2026-08-16T00:00:00,635.9858225
ORD958,Pedro,Pork,Fried,Manila,Cash,Pending,2,134.7131816,2026-08-16T00:00:00,2026-08-17T00:00:00,269.4263633
ORD959,Juan,Burger,Fried,Manila,Cash,Completed,1,194.7397882,2026-08-17T00:00:00,2026-08-18T00:00:00,194.7397882
ORD960,Ana,BBQ,Grilled,Manila,GCash,Cancelled,1,165.9736107,2026-08-18T00:00:00,2026-08-19T00:00:00,165.9736107
ORD961,Maria,Chicken,Fast Food,Cavite,Card,Completed,1,149.8460253,2026-08-19T00:00:00,2026-08-20T00:00:00,149.8460253
ORD962,Maria,Burger,Fast Food,Cavite,Cash,Cancelled,3,246.3597194,2026-08-20T00:00:00,2026-08-21T00:00:00,739.0791583
ORD963,Jose,Burger,Fast Food,Manila,Card,Pending,3,191.7574009,2026-08-21T00:00:00,2026-08-22T00:00:00,575.2722026
ORD964,Pedro,Pork,Grilled,Manila,GCash,Cancelled,1,187.3212447,2026-08-22T00:00:00,2026-08-23T00:00:00,187.3212447
ORD965,Maria,Steak,Fried,Cavite,Card,Cancelled,2,121.8772698,2026-08-23T00:00:00,2026-08-24T00:00:00,243.7545397
ORD966,Juan,BBQ,Grilled,Laguna,Card,Completed,1,107.0680179,2026-08-24T00:00:00,2026-08-25T00:00:00,107.0680179
ORD967,Jose,Steak,Fried,Laguna,Card,Pending,3,141.1072971,2026-08-25T00:00:00,2026-08-26T00:00:00,423.3218912
ORD968,Ana,BBQ,Fast Food,Cavite,Card,Completed,2,168.8789918,2026-08-26T00:00:00,2026-08-27T00:00:00,337.7579835
ORD969,Jose,BBQ,Fast Food,Manila,Card,Pending,3,272.3934915,2026-08-27T00:00:00,2026-08-28T00:00:00,817.1804746
ORD970,Ana,Steak,Fried,Manila,Cash,Completed,2,304.2081045,2026-08-28T00:00:00,2026-08-29T00:00:00,608.416209
ORD971,Jose,Burger,Fried,Laguna,Cash,Cancelled,3,156.2367673,2026-08-29T00:00:00,2026-08-30T00:00:00,468.7103018
ORD972,Jose,BBQ,Grilled,Laguna,Cash,Completed,2,269.9133366,2026-08-30T00:00:00,2026-08-31T00:00:00,539.8266732
ORD973,Jose,Steak,Fast Food,Cavite,GCash,Pending,2,236.6995369,2026-08-31T00:00:00,2026-09-01T00:00:00,473.3990739
ORD974,Ana,BBQ,Grilled,Laguna,Card,Pending,2,173.3694574,2026-09-01T00:00:00,2026-09-02T00:00:00,346.7389148
ORD975,Ana,Chicken,Grilled,Cavite,Cash,Cancelled,2,102.7362993,2026-09-02T00:00:00,2026-09-03T00:00:00,205.4725985
ORD976,Jose,Burger,Grilled,Laguna,GCash,Pending,4,286.8071466,2026-09-03T00:00:00,2026-09-04T00:00:00,1147.228586
ORD977,Maria,Pork,Fast Food,Laguna,Cash,Completed,3,374.2606997,2026-09-04T00:00:00,2026-09-05T00:00:00,1122.782099
ORD978,Pedro,BBQ,Grilled,Laguna,Cash,Cancelled,3,190.5109337,2026-09-05T00:00:00,2026-09-06T00:00:00,571.532801
ORD979,Pedro,Chicken,Grilled,Manila,Card,Pending,4,152.722732,2026-09-06T00:00:00,2026-09-07T00:00:00,610.8909278
ORD980,Pedro,Pork,Grilled,Manila,GCash,Pending,2,454.8170978,2026-09-07T00:00:00,2026-09-08T00:00:00,909.6341956
ORD981,Ana,Pork,Grilled,Manila,Card,Completed,2,210.009909,2026-09-08T00:00:00,2026-09-09T00:00:00,420.019818
ORD982,Ana,BBQ,Grilled,Laguna,Card,Completed,3,189.4450479,2026-09-09T00:00:00,2026-09-10T00:00:00,568.3351438
ORD983,Maria,Steak,Grilled,Cavite,Cash,Cancelled,4,442.8387758,2026-09-10T00:00:00,2026-09-11T00:00:00,1771.355103
ORD984,Pedro,BBQ,Fast Food,Cavite,Card,Pending,2,426.8428397,2026-09-11T00:00:00,2026-09-12T00:00:00,853.6856793
ORD985,Pedro,Chicken,Grilled,Cavite,GCash,Completed,2,279.3385882,2026-09-12T00:00:00,2026-09-13T00:00:00,558.6771764
ORD986,Jose,Pork,Fried,Cavite,Card,Cancelled,2,295.6955446,2026-09-13T00:00:00,2026-09-14T00:00:00,591.3910891
ORD987,Ana,BBQ,Grilled,Manila,Card,Pending,1,187.0994819,2026-09-14T00:00:00,2026-09-15T00:00:00,187.0994819
ORD988,Pedro,Steak,Grilled,Manila,Card,Pending,4,131.3206682,2026-09-15T00:00:00,2026-09-16T00:00:00,525.2826728
ORD989,Maria,BBQ,Fast Food,Laguna,Cash,Cancelled,2,329.3727301,2026-09-16T00:00:00,2026-09-17T00:00:00,658.7454603
ORD990,Maria,Burger,Fast Food,Laguna,GCash,Cancelled,1,139.3379686,2026-09-17T00:00:00,2026-09-18T00:00:00,139.3379686
ORD991,Pedro,Steak,Fried,Cavite,Cash,Completed,4,279.7098188,2026-09-18T00:00:00,2026-09-19T00:00:00,1118.839275
ORD992,Ana,Chicken,Fried,Manila,Cash,Pending,2,476.1988794,2026-09-19T00:00:00,2026-09-20T00:00:00,952.3977588
ORD993,Maria,Pork,Fast Food,Cavite,Cash,Pending,3,481.1337557,2026-09-20T00:00:00,2026-09-21T00:00:00,1443.401267
ORD994,Jose,BBQ,Fast Food,Laguna,Cash,Pending,1,195.7329146,2026-09-21T00:00:00,2026-09-22T00:00:00,195.7329146
ORD995,Maria,Steak,Grilled,Laguna,Cash,Cancelled,1,349.645368,2026-09-22T00:00:00,2026-09-23T00:00:00,349.645368
ORD996,Juan,Burger,Fast Food,Cavite,GCash,Completed,2,289.6305056,2026-09-23T00:00:00,2026-09-24T00:00:00,579.2610113
ORD997,Juan,Steak,Fried,Laguna,Card,Pending,2,450.274051,2026-09-24T00:00:00,2026-09-25T00:00:00,900.5481021
ORD998,Ana,Burger,Grilled,Cavite,Cash,Cancelled,1,208.5723457,2026-09-25T00:00:00,2026-09-26T00:00:00,208.5723457
ORD999,Pedro,Chicken,Fried,Manila,Cash,Pending,3,101.4809627,2026-09-26T00:00:00,2026-09-27T00:00:00,304.4428882